Conversation_ID,Turn_1,Turn_2,Turn_3,Turn_4,Turn_5,Turn_6,Turn_7,Turn_8,Turn_9,Turn_10,Turn_11,Turn_12,Turn_13,Turn_14,Turn_15,Turn_16,Turn_17,Turn_18,Turn_19,Turn_20,Turn_21,Turn_22,Turn_23,Turn_24,Turn_25
0,8.5,8.5,8.5,8.5,8.5,8.5,8.5,8.5,8.5,8.5,8.5,8.5,9.0,9.0,8.5,8.5,8.5,8.5,8.5,8.5,8.5,8.5,8.5,9.0,8.5
1,8.5,8.5,9.0,7.5,8.5,8.5,9.0,8.5,8.5,8.5,8.5,8.5,8.5,8.5,9.0,8.5,8.5,9.0,8.5,9.0,9.0,9.0,9.0,8.5,9.0
2,6.5,8.5,7.5,8.5,8.5,8.5,9.0,8.5,8.5,8.5,7.5,6.5,7.5,7.5,6.5,8.5,8.5,7.5,7.5,7.5,6.5,7.5,6.5,6.5,7.5
3,9.0,8.5,8.5,8.5,8.5,7.5,7.5,8.5,7.5,6.5,6.5,4.5,3.5,6.5,3.5,5.5,3.5,3.5,4.5,7.5,6.5,4.5,5.0,4.5,6.5
4,9.0,8.5,8.5,9.0,9.0,8.5,8.5,8.5,8.5,9.0,9.0,9.0,9.0,9.0,8.5,9.0,9.0,9.0,8.5,8.5,8.5,9.0,7.5,8.5,9.0
5,8.5,9.0,9.0,8.5,9.0,8.5,8.5,8.5,9.0,9.0,8.5,9.0,8.5,8.5,8.5,8.5,9.0,7.5,8.5,7.5,9.0,9.0,7.5,7.5,8.5
6,9.0,8.5,8.5,9.0,8.5,9.0,8.5,8.5,8.5,8.5,9.0,9.0,9.0,8.5,8.5,9.0,9.0,9.0,9.0,9.0,9.0,9.0,9.0,9.0,9.0
7,9.0,8.5,9.0,8.5,9.0,8.5,8.5,9.0,9.0,9.0,9.0,8.5,9.0,9.0,9.0,9.0,9.0,9.0,9.0,9.0,9.0,9.0,9.0,9.0,9.0
8,9.0,9.0,8.5,8.5,9.0,9.0,7.5,9.0,8.5,8.5,8.5,8.5,9.0,8.5,9.0,9.0,9.0,8.5,9.0,8.5,8.5,8.5,7.5,8.5,8.5
9,8.5,8.5,8.5,8.5,8.5,8.5,9.0,8.5,9.0,8.5,8.5,9.0,9.0,8.5,8.5,9.0,9.0,8.5,9.0,9.0,8.5,9.0,9.0,8.5,9.0
10,9.0,9.0,8.5,9.0,9.0,8.5,9.0,9.0,9.0,8.5,9.0,9.0,9.0,9.0,8.5,8.5,8.5,9.0,9.0,9.0,9.0,8.5,9.0,9.0,9.0
11,8.5,9.0,9.0,9.0,9.0,9.0,9.0,8.5,8.5,9.0,9.0,8.5,9.0,8.5,9.0,8.5,9.0,9.0,8.5,9.0,9.0,9.0,7.5,9.0,8.5
12,8.5,8.5,8.5,9.0,8.5,8.5,9.0,9.0,8.5,9.0,7.5,8.5,9.0,8.5,8.5,8.5,8.5,6.0,9.0,8.5,8.5,8.5,9.0,8.5,8.5
13,9.0,9.0,8.5,9.0,9.0,9.0,9.0,9.0,8.5,8.5,9.0,8.5,9.0,9.0,8.5,8.5,9.0,9.0,8.5,8.5,8.5,8.5,8.5,8.5,7.5
14,9.0,9.0,9.0,8.5,9.0,8.5,7.5,7.5,8.5,8.5,8.5,8.5,8.5,7.5,8.5,8.5,7.5,8.5,8.5,6.5,9.0,7.5,8.5,8.5,8.5
15,8.5,9.0,8.5,8.5,7.5,8.5,8.5,8.5,8.5,8.5,8.5,7.5,8.5,7.5,9.0,8.5,8.5,8.5,8.5,8.5,8.5,8.5,8.5,8.5,8.5
16,9.0,8.5,9.0,7.5,8.5,9.0,8.5,8.5,8.5,9.0,8.5,8.5,8.5,8.5,9.0,8.5,8.5,8.5,8.5,8.5,8.5,9.0,8.5,8.5,8.5
17,9.0,8.5,9.0,8.5,8.5,8.5,8.5,8.5,8.5,8.5,8.5,9.0,8.5,8.5,8.5,9.0,8.5,9.0,8.5,8.5,8.5,8.5,8.5,8.5,8.5
18,8.5,8.5,8.5,8.5,9.0,8.5,8.5,8.5,9.0,8.5,9.0,6.5,7.5,8.5,8.5,8.5,8.5,8.5,7.5,9.0,8.5,8.5,8.5,8.5,8.5
19,8.5,8.5,9.0,9.0,9.0,9.0,9.0,8.5,9.0,8.5,9.0,8.5,9.0,9.0,8.5,8.5,9.0,7.5,9.0,9.0,8.5,8.5,8.5,9.0,9.0
20,8.5,8.5,7.5,8.5,7.5,8.5,7.5,8.5,8.5,8.5,7.5,7.5,7.5,8.5,8.5,8.5,8.5,8.5,8.5,8.5,8.5,8.5
21,8.5,7.5,8.5,8.5,8.5,8.5,9.0,8.5,8.5,8.5,8.5,8.5,9.0,8.5,8.5,8.5,8.5,8.5,8.5,7.5,8.5,7.5,9.0,8.5,9.0
22,6.5,7.5,8.5,8.5,8.5,6.5,8.5,6.5,7.5,9.0,8.5,8.5,8.5,7.5,8.5,9.0,8.5,8.5,7.5,8.5,9.0,8.5,8.5,8.5,8.5
23,6.5,6.5,8.5,8.5,7.5,7.5,7.5,7.5,7.5,7.5,7.5,7.5,7.5,7.5,7.5,7.5,7.5
24,7.5,7.5,6.5,6.5,6.5,5.0,6.5,6.5,6.5,7.5,6.5,6.5,6.5,7.5,7.5,6.5,7.5,6.5,4.5,5.0,6.5,6.5,6.5,7.5,6.5
25,8.5,7.5,8.5,7.5,7.5,8.5,7.5,8.5,7.5,7.5,7.5,7.5,8.5,7.5,6.5,7.5,7.5,7.5,7.5,7.5,7.5,7.5,7.5,7.5,7.5
26,7.5,7.5,8.5,8.5,8.0,8.5,9.0,7.5,8.5,6.5,8.5,6.5,8.5,6.5,6.5,9.0,6.5,8.5,8.5,8.5,6.5,7.5,6.5,7.5,6.5
27,7.5,7.5,7.5,8.5,8.5,8.5,7.5,8.5,7.5,7.5,8.5,7.5,8.5,7.5,8.5,8.5,8.5,8.5,8.5,7.5,7.5,8.5,7.5,8.5,8.5
28,9.0,8.5,9.0,9.0,8.5,9.0,9.0,9.0,8.5,8.5,8.5,8.5,8.5,8.5,9.0,8.5,8.5,8.5,8.5,8.5,9.0,9.0,8.5,9.0,8.5
29,9.0,8.5,9.0,9.0,8.5,8.5,9.0,9.0,9.0,9.0,8.5,9.0,9.0,9.0,9.0,9.0,9.0,8.5,8.5,9.0,9.0,9.0,8.5,9.0,8.5
30,7.5,9.0,9.0,9.0,9.0,8.5,9.0,9.0,9.0,8.5,1.0,1.0,1.0
31,7.5,8.5,8.5,8.5,8.5,9.0,9.0,8.5,8.5,8.5,9.0,8.5,9.0,9.0,9.0,8.5,7.5,8.5,8.5,8.5,9.0,9.0,8.5,8.5,7.5
32,8.5,9.0,8.5,8.5,9.0,8.5,8.5,8.5,8.5,8.5,8.5,7.5,9.0,9.0,9.0,8.5,8.5,8.5,9.0,8.5,8.5,8.5,8.5,8.5,8.5
33,7.5,8.5,7.5,8.5,8.5,8.5,8.5,9.0,8.5,9.0,8.5,8.5,9.0,8.5,7.5,8.5,9.0,8.5,8.5,6.5,9.0,9.0,8.5,8.5,8.5
34,7.5,7.5,7.5,8.5,8.5,8.5,8.5,9.0,8.5,8.5,6.5,8.5,8.5,8.5,8.5,8.5,8.5,8.5,8.5,7.5,8.5,8.5,6.5,6.5,5.0
35,8.5,9.0,8.5,8.5,9.0,9.0,8.5,8.5,9.0,6.5,8.5,8.5,6.5,8.5,8.5,8.5,9.0,9.0,9.0,8.5,9.0,6.5,7.5,7.5,6.5
36,8.5,8.5,8.5,9.0,9.0,9.0,8.5,7.5,9.0,8.5,8.5,8.5,9.0,8.5,9.0,8.5,8.5,8.5,8.5,9.0,8.5,8.5,8.5,8.5,8.5
37,6.5,7.5,7.5,6.5,8.5,7.5,9.0,8.5,7.5,8.5,8.5,1.0,1.0,1.0,1.0,1.0,1.0,1.0,1.0,1.0,1.0,1.0,1.0,1.0,1.0
38,8.5,9.0,8.5,8.5,9.0,7.5,8.5,6.5,6.5,7.5,6.5,7.5,8.5,8.5,6.5,8.5,6.5,8.5,6.5,4.5,6.5,6.5,6.5,7.5,4.0
39,7.5,7.5,8.5,7.5,8.5,8.5,7.5,8.5,8.5,8.5,7.5,8.5,7.5,8.5,8.5,8.5,7.5,8.5,7.5,8.5,8.5,8.5,7.5,6.5,7.5
40,7.5,9.0,8.5,8.5,8.5,8.5,8.5,8.5,8.5,8.5,8.5,8.5,8.5,8.5,8.5,8.5,9.0,8.5,8.5,9.0,7.5,7.5,8.5,8.5,8.5
41,9.0,9.0,9.0,8.5,9.0,9.0,9.0,9.0,8.5,8.5,8.5,9.0,8.5,8.5,8.5,8.5,9.0,8.5,8.5,7.5,7.5,8.5,8.5,8.5,7.5
42,9.0,8.5,8.5,6.5,8.5,8.5,8.5,8.5,8.5,8.5,7.5,8.5,8.5,8.5,6.5,8.5,8.5,8.5,6.5,7.5,8.5,8.5,7.5,8.5,8.5
43,8.5,8.5,8.5,8.5,9.0,9.0,8.5,7.5,8.5,6.5,7.5,6.5,8.5,8.5,7.5,8.5,6.5,6.5,6.5,6.5,8.5,4.5,8.5,1.0,6.5
44,8.5,8.5,8.5,9.0,8.5,8.5,8.5,9.0,6.5,9.0,9.0,8.5,9.0,9.0,8.5,9.0,8.5,9.0,8.5,7.5,9.0,8.5,8.5,8.5,9.0
45,9.0,8.5,8.5,9.0,8.5,9.0,9.0,9.0,8.5,9.0,8.5,8.5,9.0,8.5,1.0,8.5,1.0,8.5,9.0,6.0,8.5,8.5,9.0,8.5,1.0
46,9.0,7.5,8.5,8.5,9.0,8.5,8.5,8.5,7.5,7.5,8.5,8.5,8.5,8.5,8.5,9.0,8.5,8.5,8.5,7.5,7.5,7.5,7.5,8.5,8.5
47,6.5,9.0,8.5,8.5,8.5,9.0,9.0,8.5,7.5,8.5,8.5,8.5,8.5,8.5,9.0,9.0,8.5,8.5,7.5,8.5,8.5,9.0,8.5,4.5,8.5
48,6.5,9.0,9.0,9.0,8.5,9.0,9.0,9.0,7.5,8.5,8.5,9.0,8.5,9.0,8.5,8.5,8.5,9.0,8.5,8.5,7.5,8.5,8.5,9.0,8.5
49,8.5,8.5,8.5,7.5,8.5,7.5,8.5,8.5,8.5,8.5,6.5,7.5,8.0,8.5,8.5,8.5,8.5,8.5,8.5,9.0,1.0,8.5,7.5,7.5,7.5
50,6.5,8.5,8.5,8.5,8.5,8.5,8.5,8.5,8.5,8.5,8.5,8.5,8.5,6.5,8.5,8.5,8.5,8.5,8.5,8.5,6.5,8.5,8.5,7.5,8.5
51,8.5,8.5,8.5,8.5,8.5,6.5,9.0,8.5,7.5,7.5,8.5,8.5,8.5,8.5,7.5,6.5,8.5,7.5,7.5,8.5,8.5,8.5,8.5,6.5,8.5
52,1.0,9.0,9.0,8.5,7.5,9.0,9.0,9.0,8.5,8.5,1.0,8.5,8.5,9.0,8.5,8.5,8.5,8.5,8.5,8.5,8.5,8.5,8.5,8.5,8.5
53,8.5,6.5,6.5,8.5,8.5,4.0,8.5,7.5,7.5,8.5,7.5,8.5,8.5,7.5,8.5,8.5,7.5,6.5,8.5,8.5,1.0,8.5,8.5,2.0,8.5
54,8.5,8.5,9.0,7.5,8.5,9.0,9.0,8.5,8.5,8.5,8.5,7.5,8.5,6.5,4.5,8.5,8.5,8.5,8.5,8.5,9.0,8.5,9.0,9.0,9.0
55,9.0,9.0,9.0,9.0,8.5,9.0,9.0,9.0,9.0,9.0,9.0,9.0,9.0,9.0,9.0,9.0,9.0,9.0,8.5,9.0,9.0,9.0,9.0,9.0,9.0
56,8.5,8.5,8.5,8.5,8.5,8.5,7.5,8.5,9.0,8.5,8.5,8.5,8.5,8.5,8.5,7.5,8.5,8.5,8.5,8.5,8.5,7.5,7.5,8.5,8.5
57,8.5,8.5,9.0,9.0,9.0,9.0,9.0,8.5,8.5,9.0,8.5,8.5,8.5,8.5,9.0,9.0,9.0,9.0,9.0,8.5,9.0,8.5,7.5,6.5,8.5
58,9.0,9.0,4.0,7.5,9.0,9.0,8.5,8.5,8.5,8.5,8.5,8.5,7.5,8.5,7.5,8.5,7.5,6.5,6.5,8.5,8.5,8.5,8.5,7.5,8.5
59,8.5,9.0,8.5,8.5,9.0,8.5,9.0,9.0,9.0,9.0,8.5,9.0,9.0,8.5,9.0,8.5,6.5,8.5,6.5,9.0,6.0,5.0,3.0,3.0,3.0
60,2.0,8.5,9.0,9.0,9.0,8.5,8.5,6.5,9.0,9.0,9.0,8.5,8.5,8.5,8.5,8.5,7.5,8.5,9.0,8.5,9.0,8.5,6.5,7.5,3.0
61,8.5,8.5,9.0,9.0,8.5,8.5,8.5,8.5,8.5,4.0,8.5,8.5,8.5,8.5,3.0,8.5,7.5,8.5,6.5,4.5,8.5,8.5,8.5,8.5,6.5
62,7.5,8.5,8.5,7.5,9.0,9.0,8.5,8.5,9.0,8.5,7.5,7.5,8.5,6.5,8.5,7.5,8.5,8.5,7.5,8.5,9.0,7.5,7.5,7.5,8.5
63,8.5,8.5,8.5,9.0,8.5,6.5,7.5,8.5,8.5,8.5,6.5,7.5,8.5,8.5,8.5,4.0,8.5,9.0,8.5,8.5,8.5,6.5,6.5,7.5,4.0
64,8.5,8.5,8.5,6.5,8.5,6.5,8.5,8.5,8.5,4.5,8.5,8.5,7.5,6.5,6.5,6.5,5.0,7.5,7.5,4.5,6.5,6.5,8.5,5.0,4.5
65,7.5,8.5,7.5,8.5,8.5,9.0,8.5,8.5,8.5,8.5,9.0,8.5,9.0,8.5,9.0,8.5,9.0,8.5,8.5,8.5,8.5,7.5,8.5,8.5,6.5
66,1.0,1.0,1.0,1.0,1.0,1.0,1.0,1.0,1.0,1.0,1.0,1.0,1.0,1.0,1.0,1.0,1.0,1.0,1.0,1.0,1.0,1.0,1.0,1.0,1.0
67,8.5,8.5,8.5,9.0,8.5,7.5,7.5,8.5,8.5,9.0,8.5,6.5,7.5,8.5,8.5,7.5,7.5,8.5,8.5,8.5,8.5,7.5,7.5,8.5,8.5
68,8.5,8.5,8.5,9.0,7.5,8.5,9.0,9.0,8.5,9.0,9.0,9.0,9.0,9.0,9.0,8.5,9.0,8.5,8.5,9.0,9.0,9.0,9.0,9.0,9.0
69,7.5,9.0,9.0,9.0,8.5,9.0,9.0,8.5,9.0,9.0,9.0,9.0,9.0,8.5,9.0,8.5,8.5,9.0,9.0,9.0,9.0,9.0,8.5,9.0,9.0
70,8.5,8.5,8.5,9.0,7.5,8.5,8.5,7.5,8.5,8.5,4.5,8.5,8.5,7.5,8.5,8.5,6.5,9.0,8.5,9.0,9.0,7.5,8.5,8.5,8.5
71,9.0,6.5,8.5,9.0,8.5,8.5,8.5,8.5,8.5,8.5,8.5,8.5,8.5,8.5,8.5,8.5,8.5,8.5,8.5,8.5,8.5,9.0,8.5,8.5,7.5
72,8.5,8.5,8.5,9.0,8.5,7.5,9.0,8.5,8.5,8.5,8.5,8.5,7.5,8.5,8.5,8.5,6.5,8.5,8.5,8.5,8.5,4.0,8.5,8.5,1.0
73,9.0,9.0,9.0,9.0,8.5,9.0,8.5,9.0,9.0,8.5,9.0,8.5,9.0,8.5,8.5,9.0,9.0,8.5,8.5,9.0,8.5,8.5,8.5,9.0,8.5
74,8.5,8.5,6.5,8.5,4.5,8.5,6.5,8.5,8.5,6.5,7.5,4.5,8.5,4.0,8.5,8.5,8.5,8.5,6.5,7.5,8.5,8.5,8.5,6.5,8.5
75,8.5,8.5,8.5,7.5,7.5,8.5,9.0,8.5,6.5,8.5,6.5,8.5,8.5,8.5,4.0,7.5,6.5,6.5,6.5,5.0,7.5,6.5,9.0,4.5,9.0
76,8.5,8.5,7.5,7.5,8.5,8.5,7.5,7.5,7.5,7.5,6.5,7.5,8.5,8.5,6.5,8.5,6.5,8.5,7.5,8.5,8.5,8.5,4.0,8.5,4.0
77,7.5,8.5,8.5,8.5,8.5,4.5,8.5,8.5,7.5,8.5,8.5,8.5,8.5,8.5,8.5,8.5,7.5,8.5,8.5,4.0,6.5,4.5,7.5,8.5,8.5
78,6.5,7.5,6.5,8.5,8.5,7.5,6.5,8.5,6.5,7.5,6.5,8.5,6.5,7.5,6.5,8.5,7.5,6.5,6.5,8.5,6.5,5.0,6.5,7.5,6.5
79,8.5,7.5,8.5,7.5,8.5,8.5,8.5,7.5,8.5,8.5,4.5,7.5,8.5,8.5,8.5,5.5,6.5,8.5,8.5,7.5,8.5,6.5,8.5,6.5,5.0
80,8.5,6.5,7.5,4.0,7.5,8.5,8.5,8.5,8.5,8.5,8.5,6.5,7.5,8.5,8.5,4.0,8.5,6.5,6.5,7.5,7.5,8.5,7.5,6.5,4.0
81,8.5,8.5,8.5,8.5,7.5,8.5,8.5,8.5,8.5,8.5,8.5,8.5,5.0,7.5,8.5,7.5,8.5,7.5,8.5,8.5,8.5,8.5,8.5,8.5,8.5
82,8.5,8.5,8.5,7.5,4.5,9.0,7.5,8.5,8.5,7.5,9.0,7.5,8.5,7.5,8.5,8.5,7.5,8.5,8.5,8.5,8.5,7.5,7.5,8.5,8.5
83,8.5,8.5,8.5,8.5,7.5,8.5,8.5,9.0,8.5,8.5,8.5,8.5,7.5,8.5,6.5,9.0,8.5,8.5,8.5,8.5,8.5,8.5,7.5,8.5,7.5
84,7.5,8.5,8.5,8.5,8.5,6.5,8.5,6.0,7.5,6.5,7.5,5.0,7.5,8.5,6.5,7.5,7.5,6.5,7.5,8.5,6.5,7.5,4.5,5.0,7.5
85,6.5,6.5,8.5,7.5,7.5,8.5,9.0,8.5,7.5,6.5,5.0,6.5,7.5,6.5,8.5,6.5,4.0,8.5,4.5,6.5,4.0,4.5,6.5,5.0,7.5
86,8.5,6.5,8.5,7.5,6.5,6.5,7.5,7.5,8.5,6.5,8.5,8.5,8.5,8.5,7.5,4.0,8.5,7.5,7.5,4.0,6.5,7.5,7.5,8.5,7.5
87,6.5,8.5,4.5,6.5,8.5,7.5,5.0,5.0,7.5,6.5,8.5,8.5,8.5,8.5,8.5,7.5,8.5,8.5
88,8.5,8.5,8.5,8.5,8.5,7.5,9.0,8.5,8.5,7.5,7.5,8.5,3.5,8.5,2.0,8.5,8.5,8.5,8.5,4.0,3.0,7.5,7.5,7.5,1.0
89,7.5,8.5,7.5,7.5,8.5,7.5,8.5,8.5,7.5,8.5,7.5,6.5,8.5,6.5,7.5,4.5,8.5,7.5,6.5,6.5,8.5,8.5,8.5,8.5,4.5
90,9.0,8.5,8.5,8.5,8.5,8.5,7.5,8.5,8.5,8.5,7.5,6.5,7.5,8.5,8.5,8.5,7.5,7.5,8.5,8.5,7.5,8.5,6.5,8.5,7.5
91,8.5,6.5,5.0,8.5,6.5,6.5,6.5,7.5,8.5,7.5,6.5,7.5,7.5,8.5,7.5,7.5,8.5,7.5,8.5,8.5,8.5,8.5,8.5,8.5,7.5
92,8.5,5.0,8.5,8.5,7.5,7.5,7.5,6.5,7.5,6.5,6.5,6.5,7.5,5.0,8.5,8.5,8.5,6.5,4.0,6.5,6.5,4.0,4.5,6.5,5.0
93,8.5,6.5,8.5,8.5,6.5,8.5,8.5,7.5,8.5,8.5,6.5,6.5,4.0,6.5,6.5,2.0,8.5,8.5,6.5,8.5,4.5,3.0,4.0,8.5,4.0
95,8.5,8.5,9.0,8.5,9.0,9.0,9.0,9.0,8.5,8.5,9.0,9.0,9.0,8.5,8.5,9.0,8.5,9.0,8.5,8.5,6.5,9.0,9.0,9.0,9.0
96,8.5,9.0,8.5,8.5,9.0,8.5,9.0,9.0,8.5,8.5,8.5,8.5,9.0,7.5,6.5,7.5,9.0,8.5,8.5,9.0,9.0,9.0,9.0,8.5,9.0
97,7.5,8.5,6.5,8.5,7.5,9.0,9.0,8.5,9.0,6.5,8.5,8.5,8.5,9.0,8.5,8.5,8.5,5.0,8.5,8.5,9.0,4.5,6.5,8.5,7.5
98,8.5,9.0,8.5,7.5,8.5,6.5,9.0,9.0,9.0,9.0,8.5,8.5,9.0,8.5,8.5,9.0,8.5,8.5,8.5,7.5,8.5,8.5,8.5,6.5,6.5
99,7.5,8.5,8.5,8.5,8.5,8.5,8.5,8.5,8.5,8.5,8.5,9.0,8.5,8.5,7.5,9.0,8.5,8.5,8.5,8.5,8.5,7.5,8.5,8.5,8.5
100,8.5,8.5,6.5,8.5,7.5,8.5,9.0,8.5,7.5,7.5,8.5,7.5,6.5,8.5,7.5,7.5,8.5,8.5,4.0,8.5,7.5,8.5,8.5,8.5,9.0
101,8.5,8.5,9.0,9.0,8.5,9.0,8.5,9.0,8.5,7.5,8.5,8.5,8.5,8.5,8.5,9.0,9.0,9.0,6.5,9.0,8.5,8.5,8.5,9.0
102,8.5,8.5,8.5,9.0,7.5,8.5,9.0,6.5,8.5,8.5,9.0,8.5,8.5,8.5,8.5,8.5,8.5,8.5,9.0,8.5,7.5,8.5,8.5,8.5,8.5
103,6.5,7.5,8.5,8.5,8.5,8.5,9.0,8.5,7.5,8.5,7.5,8.5,6.5,8.5,8.5,8.5,8.5,8.5,7.5,6.5,7.5,7.5,8.5,8.5,9.0
104,8.5,8.5,7.5,8.5,8.5,8.5,9.0,8.5,8.5,8.5,8.5,8.5,8.5,9.0,9.0,8.5,8.5,8.5,8.5,9.0,8.5,6.5,8.5,8.5,9.0
105,8.5,8.5,8.5,7.5,8.5,9.0,9.0,8.5,8.5,8.5,6.5,7.5,6.5,6.5,8.5,8.5,8.5,8.5,9.0,8.5,9.0,8.5,8.5,9.0,8.5
106,7.5,8.5,8.5,7.5,8.5,7.5,8.5,8.5,7.5,8.5,8.5,7.5,8.5,8.5,7.5,7.5,7.5,8.5,8.5,8.5,8.5,8.5,8.5,7.5,7.5
107,8.5,7.5,8.5,8.5,9.0,8.5,9.0,8.5,8.5,8.5,8.5,8.5,1.0
108,8.5,9.0,8.5,9.0,8.5,8.5,9.0,8.5,8.5,9.0,8.5,8.5,9.0,8.5,9.0,9.0,9.0,8.5,9.0,8.5,9.0,9.0,8.5,9.0,8.5
109,8.5,8.5,8.5,8.5,6.5,8.5,9.0,8.5,7.5,7.5,8.5,7.5,7.5,6.5,8.5,6.5,7.5,8.5,6.5,8.5,8.5,8.5,8.5,7.5,8.5
110,8.5,7.5,9.0,8.5,8.5,8.5,8.5,8.5,8.5,9.0,7.5,8.5,8.5,9.0,9.0,6.5,9.0,8.5,8.5,8.5,9.0,9.0,9.0,9.0,8.5
111,8.5,8.5,8.5,4.5,7.5,6.5,6.5,7.5,8.5,8.5,6.5,6.5,7.5,6.5,7.5,7.5,8.5,8.5,6.5,7.5,6.5,8.5,8.5,6.5,8.5
112,8.5,8.5,8.5,8.5,9.0,8.5,8.5,7.5,6.5,6.5,6.5,5.0,6.5,6.5,8.5,8.5,6.5,4.5,6.5,6.5,2.0,8.5,7.5,8.5,8.5
113,6.5,8.5,8.5,9.0,9.0,8.5,8.5,6.5,9.0,9.0,8.5,6.5
114,9.0,9.0,9.0,9.0,9.0,9.0,8.5,8.5,7.5,8.5,8.5,6.5,8.5,8.5,9.0,8.5,9.0,6.5,9.0,9.0,9.0,9.0,7.5,8.5,9.0
115,1.0,1.0,1.0,8.5,9.0,9.0,9.0,9.0,9.0,9.0,9.0,9.0,9.0,8.5,8.5,9.0,9.0,9.0,8.5,9.0,8.5,9.0,9.0,8.5,9.0
116,9.0,8.5,9.0,9.0,9.0,9.0,9.0,9.0,8.5,8.5,9.0,9.0,7.5,9.0,8.5,8.5,9.0,9.0,8.5,9.0,9.0,9.0,8.5,9.0,7.5
117,9.0,9.0,8.5,8.5,8.5,9.0,8.5,9.0,9.0,9.0,8.5,9.0,8.5,9.0,9.0,9.0,8.5,9.0,9.0,9.0,9.0,9.0,9.0,9.0,7.5
118,8.5,8.5,8.5,9.0,8.5,8.5,6.5,8.5,8.5,8.5,8.5,8.5,7.5,8.5,6.5,7.5,8.5,8.5,8.5,8.5,8.5,8.5,7.5,8.5,8.5
119,8.5,8.5,9.0,8.5,9.0,9.0,9.0,9.0,8.5,8.5,9.0,8.5,9.0,8.5,9.0,9.0,9.0,9.0,9.0,9.0,8.5,9.0,9.0,8.5,8.5
120,9.0,9.0,8.5,9.0,8.5,9.0,9.0,8.5,8.5,8.5,8.5,9.0,9.0,9.0,9.0,9.0,9.0,9.0,9.0,8.5,9.0,6.5,8.5,8.5,8.5
121,8.5,8.5,8.5,9.0,9.0,9.0,8.5,8.5,8.5,9.0,8.5,9.0,9.0,8.5,8.5,8.5,9.0,9.0,9.0,8.5,9.0,8.5,8.5,9.0,7.5
122,8.5,9.0,8.5,8.5,9.0,9.0,9.0,9.0,9.0,8.5,9.0,7.5,9.0,9.0,8.5,7.5,9.0,8.5,9.0,9.0,8.5,9.0,9.0,8.5,9.0
123,8.5,8.5,9.0,8.5,9.0,9.0,8.5,9.0,9.0,8.5,9.0,9.0,9.0,9.0,8.5,8.5,9.0,8.5,9.0,9.0,9.0,8.5,9.0,9.0,9.0
124,8.5,8.5,9.0,8.5,8.5,9.0,9.0,9.0,9.0,9.0,8.5,9.0,8.5,9.0,9.0,9.0,9.0,9.0,8.5,9.0,9.0,9.0,8.5,8.5,8.5
125,8.5,8.5,8.5,9.0,8.5,9.0,9.0,9.0,8.5,9.0,8.5,9.0,8.5,9.0,8.5,9.0,8.5,8.5,7.5,8.5,7.5,8.5,8.5,8.5,6.5
126,8.5,9.0,9.0,9.0,9.0,8.5,9.0,9.0,9.0,8.5,6.5,9.0,9.0,8.5,7.5,8.5,8.5,8.5,8.5,6.5,6.5,7.5,6.5,6.5,7.5
127,8.5,8.5,9.0,8.5,9.0,8.5,9.0,8.5,8.5,9.0,9.0,9.0,9.0,8.5,9.0,8.5,9.0,9.0,9.0,9.0,9.0,8.5,9.0,8.5,8.5
128,7.5,8.5,9.0,8.5,9.0,9.0,9.0,9.0,8.5,8.5,8.5,8.5,9.0,9.0,8.5,8.5,8.5,9.0,9.0,9.0,9.0,9.0,9.0,8.5,8.5
129,9.0,8.5,8.5,9.0,9.0,9.0,9.0,9.0,9.0,9.0,9.0,9.0,9.0,9.0,8.5,8.5,8.5,9.0,9.0,9.0,9.0,7.5,9.0,8.5,8.5
130,8.5,9.0,9.0,9.0,9.0,9.0,9.0,9.0,9.0,9.0,8.5,9.0,9.0,8.5,8.5,9.0,9.0,9.0,9.0,9.0,8.5,9.0,9.0,9.0,9.0
131,8.5,9.0,9.0,8.5,8.5,9.0,8.5,9.0,9.0,8.5,9.0,9.0,9.0,8.5,8.5,9.0,9.0,8.5,9.0,9.0,9.0,9.0,9.0,8.5,9.0
132,8.5,8.5,8.5,9.0,9.0,8.5,8.5,8.5,9.0,8.5,9.0,9.0,9.0,9.0,9.0,8.5,7.5,7.5,9.0,9.0,9.0,9.0,9.0,9.0,9.0
133,8.5,9.0,8.5,9.0,9.0,8.5,8.5,9.0,8.5,9.0,8.5,6.5,8.5,1.0,1.0,1.0,1.0,1.0,1.0,1.0,1.0,1.0,1.0,1.0,1.0
134,9.0,8.5,9.0,8.5,9.0,9.0,9.0,8.5,9.0,9.0,8.5,9.0,9.0,9.0,9.0,9.0,4.0,8.5,8.5,9.0,9.0,9.0,9.0,8.5,7.5
135,8.5,8.5,9.0,9.0,9.0,9.0,8.5,9.0,8.5,8.5,7.5,8.5,9.0,9.0,8.5,8.5,9.0,8.5,8.5,8.5,8.5,8.5,4.5,7.5,9.0
136,8.5,9.0,8.5,7.5,4.5,8.5,8.5,8.5,9.0,9.0,6.5,8.5,8.5,7.5,6.5,9.0,9.0,8.5,8.5,9.0,8.5,9.0,8.5,8.5,9.0
137,8.5,8.5,8.5,8.5,9.0,9.0,7.5,9.0,9.0,9.0,9.0,7.5,6.5,9.0,9.0,8.5,8.5,7.5,9.0,9.0,9.0,9.0,9.0,8.5,8.5
138,9.0,9.0,9.0,8.5,8.5,8.5,9.0,8.5,8.5,9.0,8.5,8.5,8.5,8.5,9.0,9.0,9.0,9.0,9.0,8.5,8.5,7.5,9.0,9.0,9.0
139,9.0,7.5,9.0,9.0,9.0,8.5,9.0,9.0,8.5,8.5,8.5,8.5,8.5,7.5,7.5,6.5,6.5,4.0,8.5,6.5,9.0,9.0,9.0,8.5,6.5
140,9.0,8.5,8.5,9.0,8.5,9.0,9.0,9.0,9.0,9.0,9.0,8.5,9.0,9.0,8.5,9.0,8.5,9.0,9.0,9.0,8.5,9.0,9.0,9.0,7.5
141,8.5,8.5,8.5,8.5,9.0,6.5,8.5,9.0,8.5,9.0,9.0,9.0,8.5,8.5,6.5,8.5,5.0,8.5,8.5,8.5,9.0,9.0,8.5,8.5,8.5
142,8.5,7.5,6.5,9.0,9.0,9.0,9.0,9.0,9.0,9.0,9.0,9.0,7.5,8.5,9.0,6.0,9.0,9.0,9.0,9.0,9.0,8.5,9.0,9.0,5.0
143,8.5,8.5,6.5,8.5,9.0,8.5,8.5,9.0,9.0,9.0,9.0,9.0,8.5,6.5,8.5,9.0,9.0,9.0,6.5,9.0,9.0,6.5,9.0,8.5,6.5
144,8.5,8.5,7.5,8.5,8.5,6.5,8.5,8.5,5.0,6.5,6.5,6.5,9.0,8.5,9.0,9.0,9.0,8.5,9.0,9.0,8.5,8.5,9.0,6.5,9.0
145,4.5,4.5,4.5,7.5,4.5,4.0,4.5,7.5,3.0,4.0,7.5,4.0,5.0,3.5,4.0,7.5,9.0,6.5,6.5,6.0,6.5,9.0,6.0,9.0,6.0
146,9.0,8.5,8.5,5.0,6.5,9.0,9.0,8.5,9.0,8.5,9.0,9.0,9.0,9.0,5.0,9.0,8.5,6.5,9.0,9.0,8.5,8.5,9.0,9.0,9.0
147,8.5,6.5,9.0,9.0,8.5,9.0,8.5,9.0,9.0,8.5,8.5,8.5,8.5,7.5,8.5,8.5,6.5,8.5,9.0,8.5,8.5,8.5,8.5,8.5,8.5
148,8.5,9.0,9.0,9.0,8.5,8.5,9.0,8.5,9.0,8.5,8.5,8.5,8.5,9.0,9.0,9.0,8.5,8.5,8.5,8.5,8.5,8.5,8.5,8.5,8.5
149,7.5,6.5,6.5,6.5,6.5,2.0,3.0,2.0,3.0,3.0,3.0,6.5,6.5,3.0,3.0,3.0,3.0,2.0,6.5,2.0,3.0,8.5,7.5,3.0,4.0
150,8.5,7.5,8.5,7.5,6.5,7.5,5.0,8.5,5.0,6.5,8.5,8.5,3.0,3.0,3.0,3.0,7.5,8.5,7.5,7.5,7.5,7.5,3.0,7.5,7.5
151,9.0,9.0,8.5,9.0,9.0,3.0,3.0,9.0,9.0,9.0,9.0,9.0,8.5,9.0,5.0,8.5,9.0,4.0,4.0,9.0,3.0,3.0,4.0,9.0,9.0
152,9.0,8.5,9.0,9.0,9.0,9.0,9.0,9.0,9.0,3.0,9.0,9.0,8.5,9.0,8.5,4.0,9.0,8.5,9.0,9.0,9.0,9.0,9.0,9.0,3.0
153,8.5,8.5,8.5,8.5,8.5,8.5,8.5,8.5,9.0,8.5,8.5,8.0,7.5,7.5,8.5,7.5,8.5,7.5,7.5,8.5,9.0,8.5,8.5,8.5,8.5
154,9.0,8.5,6.5,6.5,9.0,7.5,7.5,9.0,9.0,9.0,9.0,8.5,9.0,9.0,6.5,8.5,7.5,8.5,8.5,9.0,9.0,9.0,9.0,9.0,9.0
155,9.0,8.5,9.0,9.0,8.5,8.5,9.0,9.0,9.0,8.5,9.0,9.0,9.0,9.0,8.5,9.0,9.0,9.0,9.0,9.0,9.0,9.0,8.5,9.0,9.0
156,8.5,8.5,9.0,8.5,9.0,9.0,8.5,8.5,9.0,8.5,8.5,8.5,9.0,7.5,8.5,8.5,6.5,7.5,9.0,8.5,4.5,8.5,8.5,8.5,8.5
157,9.0,8.5,8.5,9.0,9.0,9.0,8.5,8.5,8.5,8.5,9.0,7.5,8.5,8.5,8.5,8.5,9.0,9.0,8.5,8.5,9.0,9.0,8.5,8.5,8.5
158,9.0,9.0,8.5,9.0,9.0,9.0,9.0,9.0,7.5,9.0,8.5,8.5,8.5,7.5,8.5,8.5,9.0,9.0,8.5,8.5,9.0,9.0,9.0,7.5,1.0
159,9.0,9.0,8.5,9.0,8.5,8.5,9.0,6.5,7.5,9.0,8.5,9.0,9.0,9.0,8.5,8.5,9.0,9.0,9.0,8.5,9.0,8.5,8.5,8.5,9.0
160,9.0,9.0,9.0,9.0,9.0,8.5,9.0,8.5,7.5,6.5,6.5,7.5,9.0,9.0,9.0,9.0,9.0,7.5,8.5,9.0,7.5,9.0,9.0,9.0,8.5
161,8.5,8.5,9.0,6.5,9.0,9.0,8.5,9.0,9.0,8.5,8.5,8.5,8.5,8.5,7.5,8.5,8.5,9.0,9.0,9.0,9.0,7.5,9.0,9.0,9.0
162,8.5,8.5,9.0,9.0,9.0,8.5,9.0,9.0,9.0,9.0,9.0,9.0,9.0,9.0,9.0,9.0,9.0,9.0,8.5,9.0,9.0,9.0,9.0,8.5,9.0
163,9.0,9.0,9.0,9.0,9.0,9.0,9.0,9.0,8.5,8.5,9.0,8.5,9.0,9.0,9.0,9.0,9.0,9.0,8.5,9.0,9.0,9.0,9.0,8.5,9.0
164,9.0,8.5,9.0,9.0,9.0,8.5,9.0,8.5,9.0,9.0,9.0,8.5,8.5,9.0,9.0,8.5,9.0,9.0,9.0,9.0,9.0,9.0,9.0,8.5,9.0
165,9.0,8.5,9.0,9.0,9.0,9.0,8.5,9.0,9.0,8.5,9.0,9.0,8.5,8.5,8.5,9.0,9.0,9.0,6.0,5.0,9.0,6.5,9.0,8.5,8.5
166,8.5,9.0,8.5,9.0,9.0,8.5,9.0,9.0,8.5,9.0,8.5,9.0,9.0,9.0,8.5,8.5,8.5,9.0,9.0,9.0,8.5,8.5,9.0,9.0,9.0
167,9.0,9.0,9.0,7.5,9.0,9.0,9.0,7.5,9.0,9.0,9.0,9.0,9.0,9.0,9.0,9.0,7.5,9.0,9.0,9.0,9.0,9.0,9.0,9.0,8.5
168,8.5,8.5,8.5,8.5,9.0,6.5,9.0,9.0,8.5,9.0,8.5,9.0,8.5,8.5,9.0,8.5,8.5,9.0,9.0,8.5,9.0,8.5,8.5,8.5,8.5
169,8.5,8.5,9.0,8.5,9.0,9.0,9.0,8.5,9.0,8.5,9.0,8.5,9.0,8.5,9.0,9.0,9.0,7.5,8.5,8.5,9.0,8.5,9.0,8.5,8.5
170,9.0,9.0,9.0,9.0,9.0,8.5,9.0,8.5,9.0,8.5,8.5,9.0,9.0,9.0,8.5,8.5,9.0,9.0,9.0,9.0,9.0,9.0,9.0,9.0,8.5
171,9.0,9.0,9.0,9.0,8.5,9.0,8.5,9.0,9.0,8.5,8.5,9.0,9.0,9.0,8.5,8.5,9.0,8.5,8.5,8.5,6.5,6.0,7.5,9.0,9.0
172,9.0,9.0,9.0,9.0,8.5,9.0,9.0,9.0,8.5,8.5,9.0,8.5,9.0,9.0,7.5,8.5,8.5,9.0,6.5,9.0,8.5,8.5,7.5,6.5,9.0
173,8.5,8.5,9.0,9.0,8.5,9.0,8.5,8.5,9.0,9.0,9.0,8.5,8.5,8.5,9.0,8.5,8.5,9.0,9.0,8.5,8.5,7.5,8.5,9.0,8.5
174,9.0,8.5,9.0,9.0,9.0,9.0,9.0,8.5,9.0,9.0,9.0,8.5,9.0,8.5,8.5,9.0,9.0,9.0,8.5,9.0,9.0,9.0,8.5,9.0,9.0
175,8.0,8.5,9.0,6.5,9.0,6.5,8.5,7.5,9.0,9.0,8.5,9.0,9.0,9.0,8.5,9.0,9.0,9.0,8.5,9.0,9.0,9.0,8.5,9.0,8.5
176,9.0,8.5,8.5,8.5,9.0,8.5,9.0,9.0,9.0,8.5,7.5,9.0,9.0,9.0,9.0,9.0,9.0,8.5,9.0,9.0,9.0,8.5,9.0,9.0,9.0
177,9.0,9.0,9.0,9.0,8.5,9.0,9.0,9.0,9.0,9.0,9.0,9.0,8.5,9.0,9.0,9.0,9.0,8.5,9.0,8.5,9.0,8.5,9.0,9.0,9.0
178,9.0,8.5,9.0,9.0,9.0,8.5,9.0,8.5,7.5,9.0,9.0,9.0,8.5,8.5,9.0,9.0,9.0,8.5,9.0,8.5,9.0,9.0,9.0,8.5,8.5
179,8.5,8.5,9.0,9.0,8.5,9.0,9.0,8.5,8.5,9.0,8.5,8.5,8.5,9.0,8.5,8.5,9.0,9.0,9.0,8.5,8.5,9.0,8.5,9.0,8.5
180,9.0,9.0,8.5,9.0,9.0,8.5,9.0,8.5,9.0,9.0,8.5,9.0,9.0,9.0,9.0,9.0,9.0,9.0,9.0,9.0,7.5,9.0,9.0,9.0,9.0
181,9.0,9.0,9.0,9.0,8.5,8.5,9.0,9.0,8.5,8.5,8.5,8.5,9.0,8.5,9.0,9.0,9.0,9.0,9.0,9.0,9.0,9.0,8.5,9.0,9.0
182,9.0,8.5,8.5,8.5,9.0,9.0,9.0,9.0,7.5,8.5,8.5,8.5,9.0,9.0,8.5,8.5,9.0,9.0,8.5,9.0,9.0,9.0,7.5,8.5,9.0
183,9.0,7.5,9.0,9.0,9.0,8.5,6.5,6.5,9.0,6.5,6.5,6.5,6.5,6.5,6.5,6.5,6.0,7.5,6.5,6.5,6.5,6.5,6.5,6.5,6.5
184,9.0,8.5,9.0,8.5,9.0,8.5,9.0,9.0,9.0,8.5,9.0,9.0,9.0,9.0,9.0,9.0,8.5,8.5,9.0,8.5,9.0,8.5,9.0,9.0,8.5
185,9.0,9.0,9.0,8.5,9.0,9.0,9.0,9.0,8.5,8.5,9.0,9.0,9.0,8.5,9.0,9.0,9.0,8.5,9.0,9.0,8.5,9.0,9.0,9.0,9.0
186,9.0,8.5,9.0,9.0,9.0,9.0,9.0,9.0,9.0,9.0,8.5,9.0,8.5,8.5,9.0,9.0,9.0,9.0,9.0,8.5,9.0,9.0,9.0,9.0,8.5
187,9.0,8.5,9.0,9.0,9.0,9.0,8.5,8.5,8.5,8.5,8.5,9.0,9.0,9.0,8.5,9.0,8.5,8.5,8.5,8.5,8.5,8.5,9.0,9.0,8.5
188,8.5,9.0,9.0,8.5,9.0,9.0,8.5,7.5,9.0,8.5,8.5,8.5,8.5,9.0,8.5,9.0,9.0,8.5,8.5,8.5,9.0,8.5,8.5,8.5,7.5
189,9.0,8.5,9.0,8.5,9.0,9.0,8.5,9.0,9.0,9.0,9.0,8.5,8.5,9.0,9.0,8.5,8.5,9.0,8.5,9.0,8.5,9.0,9.0,9.0,9.0
190,9.0,8.5,9.0,9.0,8.5,8.5,9.0,8.5,8.5,9.0,9.0,8.5,9.0,9.0,9.0,8.5,9.0,8.5,8.5,9.0,8.5,9.0,9.0,9.0,9.0
191,8.5,8.5,9.0,7.5,8.5,9.0,9.0,8.5,8.5,8.5,8.5,9.0,8.5,8.5,9.0,9.0,9.0,9.0,9.0,9.0,9.0,9.0,8.5,9.0,6.5
192,9.0,8.5,9.0,9.0,9.0,9.0,9.0,8.5,8.5,9.0,9.0,8.5,9.0,9.0,9.0,9.0,9.0,9.0,9.0,8.5,9.0,9.0,8.5,9.0,9.0
193,8.5,9.0,8.5,9.0,8.0,8.5,9.0,9.0,8.5,9.0,9.0,9.0,9.0,9.0,9.0,8.5,9.0,8.5,8.5,8.5,8.5,7.5,9.0,9.0,9.0
194,8.5,9.0,9.0,9.0,9.0,9.0,9.0,9.0,6.0,5.0,9.0,9.0,8.5,5.0,6.5,9.0,8.5,9.0,9.0,8.5,9.0,9.0,8.5,5.0,9.0
195,8.5,8.5,9.0,9.0,9.0,9.0,9.0,9.0,8.5,9.0,9.0,8.5,9.0,8.5,8.5,9.0,8.5,8.5,9.0,9.0,9.0,8.5,9.0,8.5,9.0
196,8.5,9.0,9.0,8.5,9.0,8.5,9.0,9.0,9.0,9.0,8.5,9.0,8.5,9.0,9.0,9.0,9.0,8.5,9.0,9.0,8.5,9.0,8.5,9.0,9.0
197,8.5,9.0,9.0,9.0,9.0,8.5,9.0,9.0,8.5,8.5,8.5,9.0,9.0,9.0,9.0,9.0,9.0,9.0,8.5,8.5,9.0,9.0,9.0,9.0,9.0
198,9.0,8.5,9.0,8.5,9.0,9.0,9.0,9.0,9.0,9.0,8.5,8.5,9.0,7.5,6.5,6.5,6.5,6.5,7.5,9.0,6.5,8.5,8.5,8.5,8.5
199,9.0,8.5,9.0,9.0,9.0,9.0,9.0,9.0,9.0,9.0,9.0,8.5,8.5,9.0,9.0,9.0,8.5,9.0,9.0,9.0,9.0,9.0,9.0,8.5,9.0
200,8.5,8.5,8.5,8.5,9.0,9.0,8.5,8.5,9.0,9.0,8.5,9.0,8.5,8.5,8.5,8.5,8.5,8.5,8.5,8.5,8.5,7.5,8.5,9.0,9.0
201,8.5,8.5,8.5,8.5,8.5,7.5,7.5,8.5,8.5,9.0,8.5,8.5,8.5,8.5,8.5,8.5,8.5,8.5,8.5,8.5,8.5,8.5,8.5,8.5,8.5
202,8.5,9.0,8.5,9.0,8.5,9.0,9.0,9.0,9.0,9.0,8.5,9.0,8.5,9.0,8.5,9.0,8.5,8.5,8.5,9.0,7.5,8.5,8.5,9.0,8.5
203,9.0,8.5,9.0,8.5,9.0,8.5,8.5,8.5,9.0,9.0,9.0,8.5,9.0,8.5,6.5,9.0,9.0,8.5,9.0,9.0,9.0,8.5,7.5,9.0,9.0
204,8.5,8.5,8.5,9.0,9.0,9.0,8.5,9.0,8.5,9.0,9.0,9.0,9.0,8.5,9.0,9.0,8.5,9.0,9.0,9.0,9.0,8.5,8.5,9.0,9.0
205,9.0,9.0,8.5,9.0,9.0,9.0,9.0,8.5,8.5,8.5,9.0,9.0,8.5,9.0,8.5,8.5,9.0,9.0,9.0,8.5,9.0,9.0,8.5,9.0,9.0
206,8.5,9.0,8.5,9.0,8.5,9.0,8.5,9.0,9.0,9.0,9.0,9.0,8.5,9.0,9.0,9.0,9.0,9.0,9.0,8.5,8.5,9.0,8.5,9.0,8.5
207,9.0,8.5,9.0,8.5,9.0,9.0,8.5,9.0,8.5,9.0,9.0,9.0,9.0,9.0,9.0,8.5,9.0,9.0,9.0,9.0,9.0,9.0,8.5,8.5,8.5
208,8.5,9.0,9.0,9.0,8.5,9.0,9.0,9.0,9.0,9.0,9.0,9.0,8.5,8.5,8.5,8.5,8.5,8.5,9.0,9.0,9.0,8.5,6.5,8.5,8.5
209,8.5,8.5,9.0,7.5,8.5,8.5,8.5,9.0,8.5,9.0,9.0,8.5,7.5,6.5,9.0,9.0,8.5,9.0,8.5,9.0,9.0,8.5,8.5,8.5,9.0
210,8.5,8.5,9.0,9.0,8.5,7.5,8.5,7.5,4.0,9.0,8.5,9.0,8.5,6.5,9.0,8.5,8.5,8.5,9.0,9.0,9.0,9.0,9.0,9.0,9.0
211,7.5,9.0,8.5,8.5,8.5,8.5,9.0,9.0,9.0,9.0,9.0,9.0,8.5,9.0,8.5,8.5,9.0,9.0,8.5,8.5,9.0,8.5,9.0,8.5,9.0
212,9.0,8.5,8.5,8.5,8.5,9.0,9.0,9.0,8.5,6.5,8.5,8.5,8.5,8.5,9.0,9.0,8.5,7.5,7.5,8.5,8.5,8.5,8.5,8.5,6.5
213,9.0,8.5,9.0,8.5,9.0,9.0,9.0,9.0,8.5,9.0,8.5,9.0,9.0,8.5,9.0,9.0,9.0,8.5,9.0,9.0,9.0,8.5,9.0,9.0,9.0
214,9.0,8.5,8.5,7.5,9.0,6.5,8.5,8.5,9.0,9.0,9.0,9.0,8.5,8.5,8.5,8.5,9.0,9.0,9.0,8.5,8.5,9.0,9.0,8.5,6.5
215,8.5,8.5,8.5,9.0,9.0,8.5,8.5,7.5,9.0,8.5,8.5,9.0,8.5,9.0,9.0,8.5,7.5,9.0,8.5,9.0,8.5,8.5,8.5,8.5,8.5
216,9.0,9.0,9.0,8.5,9.0,8.5,8.5,9.0,9.0,9.0,9.0,8.5,9.0,9.0,9.0,8.5,8.5,9.0,8.5,8.5,8.5,9.0,9.0,9.0,9.0
217,8.5,7.5,8.5,8.5,8.5,6.5,8.5,9.0,8.5,6.5,8.5,7.5,8.5,6.0,8.5,8.5,7.5,7.5,6.5,8.5,7.5,4.5,8.5,8.5,8.5
218,8.5,8.5,7.5,8.5,9.0,9.0,4.5,8.5,8.5,7.5,6.5,9.0,8.5,7.5,7.5,8.5,8.5,8.5,7.5,9.0,9.0,1.0,1.0,1.0,1.0
219,8.5,9.0,9.0,9.0,9.0,8.5,8.5,9.0,9.0,9.0,9.0,8.5,9.0,9.0,8.5,8.5,9.0,8.5,8.5,8.5,9.0,9.0,9.0,8.5,9.0
220,8.5,9.0,9.0,8.5,8.5,8.5,9.0,9.0,8.5,9.0,8.5,8.5,8.5,8.5,8.5,9.0,9.0,8.5,9.0,9.0,9.0,9.0,9.0,8.5,8.5
221,9.0,8.5,8.5,8.5,9.0,9.0,7.5,9.0,9.0,7.5,9.0,8.5,8.5,8.5,9.0,9.0,9.0,9.0,9.0,9.0,9.0,9.0,8.5,8.5,9.0
222,7.5,8.5,9.0,8.5,9.0,8.5,8.5,8.5,8.5,8.5,8.5,8.5,8.5,7.5,8.5,7.5,7.5,7.5,8.5,8.5,8.5,7.5,9.0,8.5,8.5
223,8.5,8.5,9.0,9.0,9.0,9.0,9.0,8.5,8.5,9.0,8.5,9.0,9.0,9.0,9.0,9.0,8.5,8.5,9.0,9.0,9.0,8.5,9.0,8.5,8.5
224,9.0,8.5,8.5,7.5,8.5,9.0,9.0,9.0,9.0,8.5,9.0,9.0,7.5,8.5,8.5,9.0,9.0,8.5,7.5,9.0,8.5,8.5,8.5,6.5,9.0
225,8.5,8.5,7.5,8.5,8.5,8.5,9.0,8.5,8.5,8.5,9.0,9.0,9.0,8.5,9.0,8.5,8.5,8.5,8.5,8.5,8.5,8.5,8.5,8.5,8.5
226,8.5,8.5,8.5,6.5,8.5,7.5,7.5,7.5,8.5,8.5,7.5,9.0,8.5,8.5,8.5,8.5,8.5,8.5,8.5,8.5,8.5,8.5,6.5,8.5,6.5
227,8.5,9.0,8.5,8.5,9.0,9.0,8.5,7.5,9.0,9.0,8.5,6.5,9.0,9.0,9.0,9.0,9.0,8.5,6.5,9.0,9.0,8.5,9.0,9.0,8.5
228,6.5,6.5,6.5,6.5,6.5,6.5,6.5,6.5,6.5,6.5,7.5,6.5,7.5,6.5,7.5,7.5,6.5,6.5,7.5,7.5,4.0,7.5,7.5,6.5,7.5
229,8.5,7.5,9.0,9.0,9.0,9.0,9.0,8.5,9.0,8.5,8.5,9.0,8.5,9.0,8.5,8.5,8.5,9.0,9.0,9.0,9.0,9.0,9.0,9.0,9.0
230,8.5,9.0,9.0,8.5,9.0,9.0,9.0,8.5,9.0,7.5,9.0,9.0,9.0,7.5,9.0,9.0,9.0,8.5,8.5,9.0,9.0,9.0,9.0,9.0,8.5
231,9.0,8.5,9.0,9.0,9.0,9.0,8.5,9.0,9.0,9.0,8.5,9.0,9.0,8.5,8.5,9.0,8.5,8.5,8.5,8.5,8.5,6.5,8.5,9.0,9.0
232,6.5,6.5,7.5,9.0,7.5,8.5,6.5,7.5,4.0,4.0,6.5,6.5,7.5,5.0,5.0,6.5,6.5,6.5,6.5,6.5,8.5,4.5,6.5,8.5,8.5
233,8.5,8.5,8.5,7.5,6.5,7.5,9.0,1.0,1.0,1.0,1.0,1.0,1.0,8.5,1.0,1.0,1.0,1.0,8.5,8.5,8.5,8.5,1.0,1.0,1.0
234,8.5,9.0,8.5,8.5,7.5,9.0,9.0,8.5,9.0,8.5,8.5,8.5,9.0,8.5,9.0,9.0,9.0,9.0,9.0,9.0,9.0,9.0,8.5,9.0,9.0
235,9.0,9.0,9.0,9.0,9.0,9.0,9.0,8.5,9.0,8.5,8.5,8.5,9.0,9.0,9.0,9.0,9.0,9.0,8.5,9.0,9.0,8.5,8.5,9.0,8.5
236,8.5,8.5,9.0,8.5,8.5,8.5,8.5,8.5,9.0,9.0,8.5,8.5,8.5,7.5,9.0,8.5,9.0,8.5,9.0,9.0,8.5,8.5,8.5,8.5,9.0
237,8.5,8.5,8.5,8.5,9.0,9.0,9.0,8.5,9.0,9.0,9.0,9.0,8.5,8.5,8.5,8.5,8.5,9.0,9.0,9.0,8.5,8.5,9.0,9.0,9.0
238,8.5,9.0,8.5,7.5,9.0,9.0,9.0,8.5,9.0,9.0,8.5,8.5,9.0,9.0,8.5,8.5,8.5,9.0,9.0,9.0,9.0,7.5,9.0,8.5,9.0
239,8.5,8.5,7.5,9.0,9.0,7.5,8.5,8.5,7.5,9.0,2.0,8.5,7.5,7.5,8.5,9.0,9.0,9.0,9.0,9.0,8.5,8.5,8.5,9.0,9.0
240,8.5,7.5,8.5,9.0,9.0,8.5,7.5,7.5,5.0,8.5,9.0,8.5,8.5,4.5,8.5,8.5,9.0,9.0,9.0,7.5,8.5,8.5,6.5,7.5,8.5
241,7.5,8.5,8.5,8.5,8.5,9.0,8.5,6.5,8.5,8.5,7.5,7.5,7.5,5.0,8.5,6.5,8.5,8.5,8.5,9.0,8.5,7.5,8.5,8.5,7.5
242,8.5,8.5,9.0,9.0,8.5,8.5,7.5,6.5,8.5,8.5,8.5,8.5,6.5,8.5,9.0,9.0,4.0,9.0,8.5,6.5,8.5,6.5,8.5,7.5,7.5
243,1.0,1.0,8.5,9.0,9.0,9.0,9.0,7.5,7.5,8.5,6.5,6.5,8.5,8.5,8.5,9.0,9.0,6.5,8.5,7.5,8.5,8.5,8.5,8.5,7.5
244,8.5,8.5,8.5,8.5,9.0,9.0,8.5,9.0,9.0,9.0,9.0,9.0,9.0,9.0,7.5,8.5,9.0,9.0,9.0,8.5,8.5,9.0,9.0,9.0,4.0
245,6.5,7.5,7.5,6.5,7.5,7.5,6.5,7.5,6.5,7.5,6.5,7.5,7.5,6.5,6.5,6.5,8.5,7.5,6.5,7.5,6.5,6.5,7.5,6.5,7.5
246,9.0,9.0,8.5,9.0,8.5,9.0,9.0,9.0,8.5,9.0,8.5,9.0,9.0,9.0,9.0,9.0,9.0,9.0,9.0,9.0,9.0,8.5,8.5,9.0,8.5
247,7.5,9.0,9.0,9.0,8.5,8.5,8.5,7.5,8.5,8.5,6.5,9.0,8.5,9.0,9.0,9.0,9.0,9.0,9.0,9.0,8.5,9.0,8.5,8.5,8.5
248,9.0,8.5,8.5,9.0,8.5,8.5,9.0,9.0,9.0,9.0,9.0,9.0,9.0,8.5,8.5,9.0,9.0,9.0,9.0,9.0,9.0,8.5,9.0,9.0,9.0
249,8.5,8.5,9.0,8.5,8.5,8.5,9.0,8.5,9.0,8.5,7.5,8.5,8.5,8.5,9.0,9.0,8.5,8.5,7.5,8.5,8.5,8.5,9.0,9.0,8.5
250,9.0,7.5,7.5,9.0,8.5,8.5,9.0,8.5,8.5,8.5,9.0,8.5,8.5,7.5,9.0,8.5,8.5,8.5,8.5,6.5,8.5,9.0,8.5,8.5,9.0
251,6.5,6.5,7.5,6.5,6.5,5.0,6.5,7.5,6.5,6.5,6.5,6.5,7.5,6.5,6.5,6.5,5.0,6.5,7.5,7.5,6.5,6.5,7.5,6.5,5.0
252,8.5,8.5,9.0,8.5,9.0,9.0,8.5,9.0,9.0,8.5,8.5,8.5,8.5,8.5,8.5,8.5,8.5,8.5,8.5,8.5,8.5,8.5,9.0,8.5,9.0
253,8.5,8.5,8.5,7.5,8.5,9.0,9.0,8.5,9.0,9.0,8.5,9.0,9.0,9.0,9.0,9.0,9.0,9.0,8.5,9.0,8.5,9.0,8.5,9.0,9.0
254,8.5,8.5,9.0,8.5,9.0,9.0,8.5,9.0,8.5,8.5,9.0,8.5,8.5,9.0,8.5,9.0,8.5,9.0,8.5,9.0,9.0,8.5,8.5,8.5,9.0
255,8.5,8.5,9.0,9.0,8.5,9.0,9.0,9.0,8.5,9.0,8.5,9.0,9.0,9.0,9.0,9.0,9.0,8.5,9.0,8.5,9.0,9.0,8.5,9.0,8.5
256,8.5,8.5,9.0,8.5,9.0,9.0,8.5,8.5,9.0,9.0,8.5,9.0,9.0,7.5,9.0,9.0,8.5,9.0,9.0,7.5,8.5,8.5,8.5,9.0,8.5
257,8.5,8.5,9.0,9.0,9.0,8.5,8.5,8.5,9.0,9.0,8.5,9.0,8.5,9.0,9.0,8.5,9.0,8.5,9.0,9.0,9.0,8.5,9.0,8.5,9.0
258,6.5,8.5,9.0,8.5,9.0,8.5,9.0,8.5,6.5,9.0,9.0,9.0,9.0,9.0,9.0,9.0,8.5,9.0,8.5,8.5,7.5,8.5,9.0,9.0,8.5
259,8.5,8.5,9.0,9.0,8.5,9.0,9.0,8.5,8.5,9.0,8.5,8.5,8.5,9.0,9.0,8.5,9.0,9.0,9.0,8.5,9.0,8.5,4.0,9.0,8.5
260,9.0,7.5,8.5,8.5,7.5,9.0,8.5,9.0,9.0,8.5,8.5,9.0,8.5,8.5,8.5,9.0,9.0,8.5,6.5,9.0,6.5,9.0,9.0,9.0,8.5
261,9.0,9.0,8.5,9.0,8.5,9.0,8.5,8.5,8.5,9.0,8.5,8.5,9.0,8.5,9.0,9.0,9.0,9.0,7.5,9.0,8.5,8.5,8.5,8.5,8.5
262,8.5,8.5,8.5,9.0,7.5,8.5,7.5,8.5,8.5,9.0,8.5,9.0,8.5,8.5,8.5,8.5,8.5,8.5,6.5,8.5,5.0,8.5,7.5,8.5,6.5
263,8.5,9.0,8.5,9.0,7.5,9.0,9.0,9.0,8.5,7.5,8.5,8.5,8.5,8.5,8.5,8.5,9.0,9.0,9.0,9.0,7.5,9.0,8.5,9.0,9.0
264,9.0,8.5,8.5,9.0,9.0,8.5,9.0,9.0,9.0,9.0,8.5,9.0,8.5,9.0,9.0,8.5,9.0,9.0,9.0,9.0,8.5,9.0,9.0,8.5,8.5
265,8.5,9.0,8.5,9.0,9.0,8.5,8.5,8.5,9.0,8.5,9.0,9.0,9.0,9.0,8.5,8.5,9.0,9.0,9.0,9.0
266,8.5,9.0,8.5,8.5,9.0,8.5,8.5,8.5,8.5,9.0,9.0,9.0,9.0,8.5,8.5,8.5,8.5,8.5,8.5,9.0,8.5,8.5,8.5,8.5,8.5
267,8.5,9.0,8.5,9.0,9.0,9.0,7.5,8.5,9.0,9.0,9.0,8.5,8.5,8.5,9.0,8.5,9.0,9.0,8.5,8.5,9.0,9.0,9.0,9.0,8.5
268,8.5,9.0,8.5,9.0,9.0,8.5,8.5,9.0,9.0,9.0,9.0,9.0,9.0,9.0,8.5,9.0,9.0,9.0,9.0,9.0,8.5,7.5,8.5,9.0,8.5
269,9.0,8.5,9.0,8.5,9.0,9.0,9.0,9.0,8.5,9.0,9.0,9.0,9.0,8.5,6.5,9.0,8.5,9.0,9.0,8.5,9.0,8.0,9.0,9.0,9.0
270,8.5,8.5,8.5,9.0,8.5,9.0,8.5,8.5,9.0,9.0,8.5,9.0,9.0,9.0,8.5,7.5,9.0,8.5,9.0,8.5,9.0,8.5,8.5,9.0,8.5
271,9.0,9.0,9.0,9.0,9.0,9.0,9.0,9.0,9.0,8.5,9.0,9.0,8.5,9.0,9.0,8.5,9.0,9.0,9.0,8.5,9.0
272,9.0,9.0,9.0,9.0,9.0,9.0,9.0,8.5,9.0,9.0,8.5,9.0,9.0,9.0,9.0,8.5,7.5,9.0,8.5,8.5,8.5,7.5,8.5,8.5,9.0
273,8.5,6.5,8.5,9.0,9.0,8.5,8.5,8.5,8.5,7.5,7.5,8.5,8.5,8.5,8.5,9.0,8.5,8.5,8.5,8.5,8.5,8.5,8.5,8.5,8.5
274,9.0,9.0,9.0,8.5,9.0,8.5,9.0,8.5,8.5,9.0,9.0,9.0,9.0,8.5,8.5,9.0,8.5,9.0,9.0,9.0,9.0,8.5,9.0,9.0,8.5
275,9.0,8.5,8.5,8.5,8.5,8.5,8.5,8.5,9.0,9.0,9.0,9.0,9.0,8.5,9.0,9.0,9.0,8.5,8.5,9.0,8.5,9.0,9.0,8.5,8.5
276,8.5,8.5,9.0,8.5,8.5,9.0,9.0,9.0,9.0,9.0,7.5,8.5,8.5,9.0,9.0,7.5,9.0,9.0,9.0,9.0,9.0,9.0,8.5,9.0,7.5
277,9.0,9.0,9.0,8.5,9.0,8.5,9.0,9.0,8.5,9.0,8.5,9.0,9.0,9.0,8.5,8.5,9.0,9.0,8.5,9.0,8.5,8.5,8.5,9.0,9.0
278,8.5,8.5,8.5,8.5,9.0,9.0,9.0,9.0,9.0,7.5,8.5,8.5,8.5,9.0,8.5,8.5,9.0,8.5,9.0,8.5,7.5,9.0,8.5,9.0,8.5
279,8.5,8.5,9.0,9.0,9.0,9.0,9.0,9.0,9.0,9.0,9.0,9.0,8.5,8.5,9.0,8.5,9.0,9.0,8.5,9.0,9.0,9.0,9.0,9.0,9.0
280,8.5,8.5,9.0,9.0,7.5,8.5,9.0,9.0,9.0,8.5,8.5,9.0,8.5,8.5,8.5,9.0,8.5,9.0,9.0,9.0,9.0,8.5,8.5,9.0,9.0
281,9.0,9.0,7.5,9.0,9.0,9.0,9.0,8.5,9.0,9.0,9.0,9.0,9.0,7.5,8.5,8.5,8.5,7.5,9.0,9.0,8.5,9.0,8.5,9.0,9.0
282,8.5,9.0,9.0,9.0,8.5,9.0,8.5,8.5,8.5,8.5,8.5,8.5,9.0,8.5,8.5,8.5,8.5,8.5,8.5,8.5,8.5,8.5,8.5,7.5,8.5
283,9.0,9.0,8.5,9.0,9.0,9.0,9.0,8.5,9.0,8.5,8.5,8.5,9.0,8.5,8.5,9.0,8.5,9.0,8.5,8.5
284,8.5,8.5,8.5,8.5,8.5,9.0,8.5,9.0,9.0,9.0,8.5,9.0,9.0,9.0,8.5,8.5,9.0,9.0,9.0,9.0,9.0,8.5,9.0,8.5,8.5
285,8.5,8.5,8.5,8.5,8.5,9.0,8.5,8.5,8.5,8.5,8.5,9.0,9.0,8.5,8.5,8.5,8.5,6.5,8.5,8.5,9.0,8.5,8.5,9.0,8.5
286,7.5,8.5,8.5,9.0,8.5,9.0,6.5,8.5,9.0,9.0,8.5,7.5,9.0,8.5,8.5,8.5,8.5,9.0,9.0,9.0,9.0,8.5,8.5,8.5,8.5
287,8.5,8.5,8.5,9.0,9.0,9.0,9.0,9.0,9.0,9.0,8.5,8.5,9.0,4.0,9.0,9.0,8.5,9.0,8.5,9.0,9.0,8.5,9.0,9.0,9.0
288,9.0,9.0,9.0,9.0,9.0,9.0,9.0,9.0,9.0,9.0,8.5,9.0,9.0,9.0,9.0,8.5,9.0,9.0,9.0,9.0,9.0,9.0,9.0,9.0,8.5
289,8.5,9.0,9.0,9.0,8.5,6.5,9.0,8.5,8.5,5.0,9.0,4.5,8.5,8.5,8.5,9.0,6.5,8.5,8.5,8.5,9.0,8.5,5.0,9.0,8.5
290,9.0,8.5,8.5,9.0,9.0,8.5,6.5,9.0,8.5,8.5,9.0,9.0,8.5,7.5,9.0,8.5,8.5,8.5,8.5,8.5,8.5,9.0,8.5,8.5,9.0
291,8.5,9.0,9.0,8.5,9.0,9.0,8.5,9.0,8.5,8.5,8.5,9.0,8.5,9.0,9.0,8.5,7.5,8.5,8.5,8.5,9.0,9.0,8.5,8.5,8.5
292,8.5,9.0,9.0,8.5,8.5,8.5,8.5,9.0,9.0,9.0,9.0,9.0,8.5,9.0,8.5,8.5,9.0,9.0,9.0,9.0,9.0,8.5,8.5,9.0,8.5
293,4.0,9.0,9.0,8.5,9.0,6.5,8.5,8.5,7.5,9.0,9.0,8.5,9.0,8.5,9.0,8.5,9.0,9.0,7.5,7.5,8.5,9.0,9.0,9.0,9.0
294,9.0,9.0,8.5,8.5,8.5,8.5,9.0,8.5,8.5,8.5,9.0,8.5,8.5,8.5,8.5,8.5,8.5,8.5,9.0,8.5,9.0,9.0,8.5,8.5,8.5
295,9.0,9.0,8.5,9.0,9.0,8.5,9.0,9.0,8.5,9.0,8.5,9.0,9.0,9.0,8.5,9.0,9.0,9.0,8.5,8.5,9.0,9.0,9.0,8.5,8.5
296,8.5,8.5,9.0,9.0,9.0,8.5,8.5,7.5,8.5,6.5,8.5,6.5,9.0,9.0,9.0,8.5,8.5,9.0,8.5,8.5,8.5,8.5,8.5,9.0,8.5
297,8.5,8.5,9.0,9.0,9.0,8.5,8.5,9.0,7.5,9.0,9.0,9.0,8.5,9.0,9.0,8.5,8.5,8.5,9.0,8.5,9.0,8.5,8.5,9.0,8.5
298,9.0,8.5,9.0,9.0,9.0,8.5,7.5,8.5,7.5,9.0,9.0,8.5,8.5,9.0,8.5,9.0,9.0,9.0,9.0,9.0,8.5,9.0,9.0,8.5,9.0
299,9.0,7.5,8.5,9.0,9.0,8.5,9.0,9.0,9.0,8.5,9.0,9.0,8.5,9.0,8.5,9.0,9.0,8.5,9.0,8.5,8.5,8.5,8.5,8.5,8.5
300,9.0,9.0,8.5,9.0,8.5,8.5,9.0,9.0,9.0,9.0,9.0,9.0,9.0,8.5,8.5,9.0,9.0,9.0,9.0,9.0,9.0,9.0,9.0,9.0,9.0
301,9.0,9.0,9.0,9.0,9.0,9.0,9.0,9.0,9.0,9.0,8.5,9.0,9.0,9.0,9.0,8.5,9.0,8.5,7.5,9.0,8.5,9.0,8.5,9.0,9.0
302,8.5,9.0,9.0,9.0,9.0,9.0,8.5,8.5,8.5,9.0,8.5,9.0,9.0,9.0,8.5,7.5,9.0,9.0,8.5,9.0,8.5,9.0,9.0,8.5,7.5
303,9.0,8.5,9.0,9.0,8.5,9.0,7.5,8.5,8.5,8.5,8.5,7.5,8.5,8.5,8.5,9.0,9.0,8.5,9.0,8.5,9.0,8.5,8.5,9.0,8.5
304,8.5,8.5,9.0,9.0,9.0,9.0,9.0,8.5,8.5,9.0,9.0,8.5,9.0,8.5,8.5,8.5,9.0,9.0,8.5,9.0,8.5,8.5,9.0,9.0,8.5
305,9.0,7.5,9.0,6.5,7.5,8.5,9.0,9.0,9.0,9.0,9.0,7.5,9.0,8.5,9.0,7.5,4.5,8.5,7.5,9.0,6.5,9.0,9.0,9.0,8.5
306,8.5,8.5,9.0,9.0,9.0,8.5,7.5,8.5,9.0,9.0,9.0,9.0,8.5,9.0,9.0,8.5,9.0,8.5,9.0,9.0,9.0,9.0,9.0,9.0,6.5
307,8.5,9.0,9.0,9.0,8.5,8.5,8.5,8.5,9.0,9.0,9.0,9.0,9.0,8.5,9.0,9.0,9.0,9.0,9.0,9.0,8.5,8.5,8.5,8.5,9.0
308,9.0,9.0,8.5,9.0,9.0,9.0,9.0,8.5,8.5,9.0,9.0,8.5,9.0,9.0,8.5,9.0,9.0,9.0,9.0,9.0,9.0,9.0,9.0,9.0,9.0
309,9.0,8.5,9.0,9.0,9.0,7.5,8.5,7.5,9.0,9.0,8.5,8.5,9.0,9.0,8.5,8.5,6.5,8.5,8.5,8.5,6.5,7.5,7.5,6.5,6.5
310,8.5,7.5,7.5,9.0,6.5,9.0,9.0,8.5,9.0,8.5,9.0,8.5,9.0,9.0,8.5,6.5,9.0,9.0,8.5,6.5,8.5,9.0,8.5,6.5,8.5
311,7.5,8.5,8.5,8.5,8.5,8.5,9.0,8.5,8.5,9.0,9.0,8.5,9.0,8.5,8.5,9.0,8.5,8.5,6.5,9.0,9.0,9.0,9.0,8.5,8.5
312,9.0,7.5,9.0,9.0,9.0,8.5,9.0,8.5,9.0,9.0,8.5,9.0,8.5,8.5,9.0,8.5,9.0,9.0,8.5,9.0,9.0,8.5,8.5,9.0,8.5
313,8.5,8.5,8.5,9.0,9.0,9.0,9.0,9.0,9.0,9.0,9.0,8.5,8.5,9.0,9.0,9.0,9.0,8.5,9.0,8.5,8.5,9.0,9.0,9.0,9.0
314,8.5,8.5,9.0,9.0,9.0,9.0,9.0,8.5,9.0,9.0,9.0,9.0,8.5,9.0,8.5,8.5,8.5,8.5,8.5,9.0,8.5,9.0,8.5,8.5,8.5
315,9.0,9.0,8.5,8.5,8.5,9.0,9.0,9.0,9.0,9.0,9.0,9.0,9.0,8.5,9.0,8.5,8.5,8.5,9.0,9.0,9.0,7.5,8.5,7.5,8.5
316,8.5,7.5,9.0,8.5,6.5,9.0,7.5,8.5,6.5,9.0,8.5,9.0,8.5,8.5,9.0,8.5,9.0,8.5,8.5,9.0,8.5,8.5,8.5,8.5,8.5
317,9.0,8.5,9.0,9.0,9.0,9.0,9.0,9.0,8.5,9.0,9.0,9.0,8.5,8.5,8.5,9.0,8.5,9.0,9.0,8.5,9.0,9.0,9.0,8.5,8.5
318,8.5,9.0,8.5,7.5,9.0,8.5,9.0,8.5,8.5,7.5,8.5,8.5,8.5,9.0,7.5,8.5,8.5,8.5,9.0,9.0,8.5
319,8.5,8.5,8.5,7.5,8.5,8.5,9.0,9.0,8.5,8.5,9.0,8.5,8.5,8.5,8.5,8.5,8.5,8.5,7.5,8.5,8.5,8.5,8.5,8.5,9.0
320,8.5,8.5,8.5,8.5,9.0,9.0,8.5,8.5,8.5,8.5,8.5,8.5,8.5,8.5,8.5,8.5,8.5,8.5,8.5,9.0,8.5,8.5,8.5,9.0,9.0
321,9.0,8.5,9.0,9.0,9.0,9.0,9.0,9.0,9.0,8.5,8.5,9.0,9.0,9.0,8.5,8.5,7.5,8.5,8.5,8.5,9.0,9.0,8.5,8.5,8.5
322,9.0,9.0,9.0,9.0,8.5,9.0,6.5,8.5,9.0,6.5,9.0,8.5,8.5,9.0,9.0,9.0,9.0,9.0,8.5,6.5,6.5,9.0,8.5,8.5,9.0
323,8.5,8.5,9.0,9.0,9.0,9.0,9.0,9.0,9.0,9.0,8.5,8.5,8.5,4.0,9.0,9.0,7.5,8.5,7.5,8.5,6.5,8.5,8.5,6.5,9.0
324,9.0,9.0,8.5,7.5,9.0,9.0,9.0,8.5,8.5,8.5,8.5,9.0,8.5,8.5,8.5
325,8.5,8.5,9.0,8.5,9.0,9.0,9.0,8.5,9.0,7.5,9.0,9.0,8.5,7.5,8.5,8.5,8.5,9.0,8.5,8.5,9.0,9.0,8.5,9.0,8.5
326,8.5,8.5,9.0,9.0,9.0,9.0,8.5,9.0,8.5,8.5,9.0,9.0,8.5,8.5,9.0,9.0,9.0,9.0,8.5,8.5,8.5,9.0,8.5,8.5,8.5
327,8.5,7.5,8.5,9.0,8.5,8.5,8.5,9.0,8.5,8.5,9.0,8.5,8.5,9.0,9.0,8.5,8.5,8.5,8.5,8.5,8.5,9.0,8.5,6.0,9.0
328,8.5,8.5,9.0,8.5,9.0,9.0,9.0,8.5,8.5,9.0,9.0,9.0,8.5,8.5,8.5,8.5,9.0,9.0,8.5,9.0,8.5,9.0,9.0,9.0,9.0
329,9.0,7.5,9.0,9.0,9.0,9.0,8.5,8.5,9.0,8.5,9.0,8.5,8.5,9.0,9.0,8.5,9.0,9.0,9.0,9.0,9.0,8.5,9.0,9.0,9.0
330,8.5,8.5,8.5,9.0,9.0,9.0,8.5,9.0,9.0,9.0,9.0,9.0,9.0,9.0,9.0,8.5,8.5,8.5,8.5,9.0,9.0,9.0,8.5,8.5,8.5
331,9.0,9.0,9.0,9.0,9.0,8.5,9.0,9.0,9.0,9.0,8.5,9.0,9.0,8.5,9.0,9.0,9.0,9.0,8.5,9.0,9.0,9.0,9.0,8.5,9.0
332,9.0,9.0,9.0,9.0,8.5,9.0,9.0,9.0,8.5,9.0,8.5,8.5,8.5,8.5,8.5,9.0,9.0,8.5,9.0,9.0,9.0,9.0,9.0,9.0,7.5
333,8.5,9.0,9.0,9.0,8.5,9.0,9.0,8.5,9.0,8.5,8.5,9.0,8.5,9.0,9.0,8.5,9.0,9.0,9.0,8.5,9.0,8.5,9.0,9.0,8.5
334,8.5,8.5,8.5,9.0,9.0,9.0,8.5,8.5,8.5,9.0,9.0,7.5,8.5,7.5,7.5,8.5,8.5,7.5,7.5,9.0,8.5,8.5,8.5,8.5,8.5
335,8.5,7.5,9.0,8.5,8.5,9.0,8.5,9.0,8.5,8.5,9.0,8.5,7.5,8.5,8.5,7.5,6.5,7.5,7.5,9.0,8.5,7.5,8.5,8.5,7.5
336,9.0,9.0,8.5,8.5,9.0,8.5,9.0,8.5,9.0,8.5,7.5,8.5,6.5,9.0,9.0,8.5,8.5,8.5,8.5,8.5
337,8.5,8.5,9.0,8.5,8.5,8.5,9.0,9.0,8.5,8.5,8.5,9.0,8.5,8.5,9.0,8.5,9.0,8.5,8.5,9.0,7.5,8.5,8.5,8.5,8.5
338,8.5,9.0,8.5,9.0,8.5,9.0,8.5,9.0,9.0,9.0,9.0,9.0,8.5,8.5,9.0,8.5,8.5,8.5,9.0,8.5,8.5,9.0,8.5,8.5,8.5
339,9.0,9.0,7.5,9.0,8.5,9.0,9.0,9.0,9.0,9.0,9.0,8.5,8.5,8.5,8.5,8.5,9.0,8.5,9.0,8.5,9.0,8.5,8.5,6.5,9.0
340,9.0,8.5,8.5,9.0,9.0,8.5,8.5,8.5,8.5,8.5,8.5,8.5,9.0,8.5,9.0,9.0,9.0,9.0,8.5,9.0,8.5,8.5,6.5,9.0,8.5
341,9.0,8.5,8.5,9.0,8.5,9.0,9.0,8.5,9.0,9.5,8.5,9.0,9.0,9.0,9.0,9.0,9.0,9.0,9.0,9.0,8.5,8.5,9.0,8.5,8.5
342,9.0,8.5,9.0,8.5,9.0,8.5,9.0,8.5,8.5,9.0,9.0,9.0,9.0,9.0,9.0,9.0,8.5,8.5,9.0,8.5,9.0,8.5,8.5,8.5
343,9.0,8.5,8.5,9.0,8.5,8.5,8.5,9.0,8.5,9.0,9.0,9.0,8.5,9.0,8.5,9.0,9.0,9.0,9.0,8.5,7.5,9.0,8.5,9.0,8.5
344,8.5,7.5,9.0,7.5,7.5,8.5,9.0,8.5,8.5,8.5,8.5,9.0,9.0,8.5,8.5,8.5,8.5,9.0,8.5,8.5,8.5,8.5,8.5,8.5,8.5
345,9.0,9.0,8.5,8.5,9.0,9.0,8.5,8.5,8.5,9.0,9.0,8.5,2.0,8.5,8.5,9.0,8.5,8.5,9.0,9.0,8.5,8.5,6.5,8.5,8.5
346,8.5,9.0,8.5,8.5,7.5,8.5,8.5,8.5,8.5,8.5,7.5,8.5,8.5,8.5,7.5,6.5,8.5,8.5,8.5,8.5,8.5,9.0,8.5,8.5,8.5
347,7.5,9.0,8.5,9.0,9.0,9.0,9.0,9.0,9.0,9.0,8.5,9.0,9.0,7.5,9.0,9.0,9.0,8.5,9.0,9.0,9.0,8.5,6.5,7.5,8.5
348,8.5,9.0,8.5,8.5,9.0,8.5,7.5,9.0,9.0,9.0,7.5,6.5,9.0,9.0,8.5,9.0,6.5,8.5,8.5,9.0,8.5,9.0,8.5,8.5,8.5
349,8.5,8.5,8.5,8.5,8.5,8.5,8.5,8.5,8.5,8.5,8.5,9.0,9.0,8.5,8.5,8.5,8.5,8.5,8.5,8.5,8.5,8.5,8.5,9.0,8.5
350,9.0,8.5,8.5,8.5,8.5,8.5,8.5,9.0,8.5,9.0,7.5,9.0,9.0,9.0,9.0,8.5,9.0,9.0,9.0,9.0,9.0,9.0,9.0,9.0,8.5
351,8.5,9.0,8.5,6.5,7.5,8.5,8.5,8.5,8.5,8.5,8.5,8.5,8.5,8.5,8.5,8.5,8.5,8.5,8.5,8.5,7.5,8.5,8.5,8.5,8.5
352,8.5,8.5,8.5,8.5,8.5,9.0,8.5,9.0,8.5,8.5,9.0,9.0,9.0,9.0,8.5,9.0,8.5,9.0,8.5,9.0,8.5,8.5,9.0,8.5,9.0
353,9.0,9.0,9.0,8.5,9.0,8.5,9.0,8.5,8.5,9.0,8.5,8.5,7.5,8.5,8.5,7.5,8.5,8.5,8.5,8.5,9.0,8.5
354,9.0,9.0,9.0,9.0,8.5,9.0,8.5,9.0,9.0,9.0,8.5,9.0,9.0,9.0,9.0,9.0,9.0,9.0,9.0,9.0,8.5,9.0,9.0,6.0,9.0
355,9.0,9.0,7.5,9.0,9.0,9.0,9.0,9.0,8.5,8.5,9.0,9.0,8.5,6.0,8.5,6.5,4.0,4.0,8.5,8.5,8.5,8.5,7.5,8.5,7.5
356,8.5,9.0,8.5,9.0,9.0,8.5,9.0,9.0,8.5,9.0,9.0,9.0,9.0,9.0,9.0,9.0,8.5,8.5,8.5,8.5,9.0,9.0,8.5,9.0,9.0
357,9.0,9.0,9.0,9.0,8.5,8.5,9.0,9.0,9.0,9.0,9.0,9.0,8.5,9.0,9.0,9.0,9.0,9.0,9.0,9.0,9.0,9.0,9.0,9.0,9.0
358,9.0,9.0,9.0,7.5,9.0,9.0,9.0,9.0,9.0,9.0,8.0,9.0,9.0,9.0,8.5,8.5,8.5,9.0,7.5,8.5,7.5,8.5,8.5,9.0,8.5
359,8.5,8.5,9.0,8.5,9.0,8.5,8.5,9.0,9.0,7.5,9.0,8.5,8.5,8.5,9.0,9.0,8.5,8.5,8.5,9.0,9.0,8.5,8.5,8.5,9.0
360,8.5,9.0,9.0,8.5,9.0,9.0,9.0,8.5,9.0,8.5,9.0,8.5,9.0,9.0,8.5,8.5,8.5,9.0,9.0,9.0,9.0,7.5,6.5,8.5,9.0
361,9.0,9.0,8.5,9.0,9.0,8.5,9.0,9.0,9.0,9.0,9.0,9.0,9.0,9.0,9.0,9.0,9.0,9.0,8.5,8.5,9.0,9.0,8.5,9.0,9.0
362,8.5,8.5,9.0,9.0,9.0,8.5,8.5,9.0,9.0,8.5,9.0,9.0,8.5,9.0,8.5,8.5,9.0,9.0,9.0,8.5,8.5,8.5,9.0,6.5,8.5
363,8.5,9.0,8.5,9.0,9.0,9.0,9.0,9.0,9.0,9.0,9.0,9.0,9.0,8.5,9.0,9.0,9.0,9.0,9.0,9.0,8.5,9.0,8.5,8.5,9.0
364,8.5,9.0,9.0,9.0,9.0,9.0,8.5,9.0,8.5,9.0,8.5,9.0,9.0,9.0,9.0,9.0,8.5,9.0,8.5,9.0,8.5,9.0,8.5,8.5,8.5
365,9.0,8.5,9.0,9.0,8.5,9.0,9.0,8.5,9.0,8.5,9.0,9.0,9.0,8.5,8.5,9.0,8.5,8.5,8.5,8.5,9.0,9.0,9.0,9.0,9.0
366,8.5,9.0,9.0,9.0,9.0,9.0,9.0,8.5,8.5,9.0,8.5,8.5,8.5,9.0,8.5,8.5,8.5,8.5,8.5,8.5,8.5,8.5,9.0,8.5,9.0
367,9.0,9.0,9.0,9.0,9.0,9.0,9.0,9.0,8.5,8.5,8.5,9.0,9.0,9.0,9.0,9.0,9.0,9.0,9.0,9.0,9.0,9.0,9.0,9.0,9.0
368,9.0,9.0,8.5,9.0,8.5,9.0,8.5,8.5,8.5,9.0,9.0,8.5,9.0,8.0,8.0,9.0,8.5,8.5,8.0,9.0,8.5,9.0,8.5,8.5,9.0
369,9.0,9.0,6.5,9.0,9.0,8.5,8.5,9.0,9.0,9.0,9.0,7.5,9.0,6.5,7.5,7.5,6.5,9.0,6.5,6.5,9.0,7.5,9.0,7.5,6.5
370,9.0,9.0,9.0,9.0,9.0,9.0,9.0,9.0,9.0,9.0,9.0,9.0,9.0,9.0,9.0,9.0,9.0,9.0,9.0,9.0,9.0,9.0,9.0,8.5,9.0
371,9.0,7.5,8.5,9.0,9.0,9.0,9.0,8.5,9.0,8.5,8.5,8.5,9.0,8.5,8.5,8.5,9.0,7.5,9.0,9.0,9.0,9.0,8.5,8.5,9.0
372,9.0,8.5,9.0,9.0,9.0,8.5,7.5,9.0,8.5,7.5,8.5,9.0,8.5,8.5,9.0,8.5,8.5,8.5,9.0,9.0,8.5,9.0,9.0,9.0,9.0
373,9.0,8.5,8.5,8.5,9.0,9.0,7.5,8.5,7.5,9.0,8.5,9.0,8.5,9.0,8.5,9.0,8.5,9.0,8.5,8.5,9.0,8.5,8.5,9.0,7.5
374,8.5,8.5,7.5,7.5,8.5,9.0,9.0,9.0,9.0,9.0,9.0,9.0,8.5,9.0,9.0,9.0,9.0,9.0,8.5,9.0,7.5,8.5,9.0,9.0,9.0
375,9.0,8.5,9.0,8.5,9.0,9.0,9.0,9.0,9.0,9.0,9.0,9.0,8.5,8.5,9.0,9.0,9.0,9.0,8.5,7.5,8.5,9.0,9.0,8.5,9.0
376,7.5,8.5,7.5,8.5,6.5,8.5,8.5,7.5,8.5,8.5,6.5,6.5,8.5,7.5,6.5,6.5,8.5,8.5,8.5,6.5,6.5,6.5,8.5,6.5,6.5
377,7.5,8.5,8.5,6.5,9.0,8.5,8.5,8.5,9.0,8.5,9.0,8.5,8.5,7.5,7.5,8.5,8.5,8.5,6.5,8.5,8.5,9.0,7.5,8.5,8.5
378,9.0,9.0,9.0,6.5,8.5,7.5,6.5,7.5,8.5,6.5,8.5,8.5,8.5,7.5,7.5,6.5,7.5,7.5,6.5,8.5,6.5,8.5,7.5,6.5,7.5
379,9.0,9.0,8.5,9.0,9.0,8.5,9.0,9.0,9.0,9.0,8.5,9.0,9.0,8.5,9.0,8.5,9.0,9.0,8.5,9.0,8.5,9.0,8.5,7.5,9.0
380,9.0,9.0,8.5,9.0,9.0,9.0,9.0,8.5,9.0,8.5,9.0,8.5,8.5,9.0,9.0,9.0,8.5,8.5,9.0,8.5,8.5,8.5,9.0,9.0,9.0
381,3.0,5.0,6.5,8.5,3.0,3.0,3.0,3.0,3.0,3.0,3.0,3.0,3.0,3.0,3.0,2.0,2.0,3.0,3.0,3.0,3.0,3.0,3.0,3.0,3.0
382,9.0,8.5,8.5,8.5,8.5,6.5,9.0,6.5,6.5,6.5,6.5,6.5,6.5,8.5,6.5,7.5,6.5,6.5,6.5,6.5,8.5,6.5,6.5,9.0,6.5
383,1.0,9.0,4.0,4.0,4.0,4.0,3.0,1.0,3.0,4.0,4.5,4.0,4.0,9.0,4.0,4.0,4.0,4.0,6.5,4.0,7.5,4.0,4.0,4.0,3.0
384,8.5,9.0,8.5,9.0,9.0,9.0,9.0,9.0,9.0,9.0,9.0,9.0,9.0,9.0,8.5,9.0,9.0,9.0,9.0,9.0,8.5,9.0,9.0,9.0,8.5
385,8.5,4.0,5.0,7.5,9.0,9.0,8.5,8.5,9.0,9.0,8.5,8.5,4.0,6.5,7.5,9.0,4.0,3.0,8.5,8.5,8.5,9.0,5.0,4.0,4.0
386,8.5,8.5,9.0,9.0,8.5,9.0,9.0,9.0,8.5,9.0,9.0,8.5,8.5,8.5,9.0,9.0,9.0,9.0,9.0,9.0,9.0,9.0,9.0,9.0,9.0
387,8.5,8.5,9.0,8.5,5.0,9.0,8.5,8.5,9.0,9.0,4.0,9.0,9.0,9.0,9.0,8.5,9.0,9.0,5.0,7.5,9.0,9.0,8.5,9.0,7.5
388,9.0,8.5,9.0,8.5,9.0,9.0,9.0,9.0,9.0,8.5,8.5,9.0,9.0,9.0,9.0,9.0,9.0,9.0,9.0,9.0,8.5,9.0,9.0,9.0,9.0
389,8.5,9.0,8.5,9.0,9.0,8.5,7.5,9.0,9.0,9.0,8.5,9.0,9.0,9.0,8.5,9.0,9.0,8.5,9.0,9.0,6.5,8.5,8.5,9.0,9.0
390,8.5,8.5,8.5,9.0,9.0,9.0,8.5,8.5,9.0,8.5,9.0,9.0,9.0,9.0,8.5,8.5,8.5,9.0,8.5,8.5,9.0,8.5,9.0,8.5,8.5
391,9.0,8.5,9.0,8.5,8.5,9.0,9.0,6.5,8.5,5.0,4.0,9.0,6.5,9.0,8.5,9.0,6.5,6.5,9.0,4.0,8.5,4.0,8.5,8.5,9.0
392,8.5,8.5,9.0,9.0,8.5,9.0,4.0,9.0,8.5,8.5,9.0,9.0,6.5,6.5,9.0,7.5,5.0,8.5,8.5,9.0,8.5,9.0,9.0,6.5,6.5
393,8.5,8.5,9.0,8.5,9.0,9.0,9.0,8.5,8.5,8.5,6.5,6.5,6.5,6.5,9.0,9.0,8.5,9.0,9.0,8.5,8.5,6.5,9.0,6.5,9.0
394,9.0,8.5,9.0,8.5,5.0,9.0,8.5,9.0,8.5,8.5,9.0,8.5,9.0,8.5,9.0,9.0,6.5,9.0,8.5,8.5,9.0,9.0,9.0,9.0,9.0
395,9.0,8.5,8.5,8.5,6.5,8.5,7.5,8.5,8.5,8.5,8.5,9.0,8.5,8.5,9.0,8.5,8.5,8.5,8.5
396,8.5,9.0,8.5,9.0,9.0,9.0,9.0,8.5,9.0,7.5,9.0,9.0,9.0,9.0,9.0,9.0,9.0,9.0,8.5,9.0,9.0,9.0,9.0,8.5,9.0
397,8.5,9.0,9.0,7.5,8.5,9.0,9.0,9.0,9.0,6.5,9.0,9.0,9.0,9.0,9.0,9.0,9.0,9.0,9.0,8.5,9.0,9.0,8.5,8.5,9.0
398,9.0,9.0,8.5,9.0,8.5,9.0,9.0,9.0,9.0,9.0,9.0,9.0,8.5,9.0,9.0,9.0,8.5,9.0,9.0,9.0,9.0,9.0,9.0,9.0,9.0
399,8.5,7.5,3.0,9.0,9.0,9.0,9.0,9.0,9.0,9.0,9.0,9.0,7.5,9.0,9.0,8.5,9.0,9.0,9.0,8.5,9.0,8.5,9.0,8.5,9.0
400,9.0,8.5,8.5,9.0,8.5,8.5,9.0,8.5,9.0,8.5,8.5,9.0,9.0,8.0,8.5,8.5,9.0,9.0,8.5,9.0,8.5,8.5,8.5,9.0,9.0
401,8.5,8.5,9.0,9.0,8.5,9.0,8.5,9.0,9.0,8.5,9.0,9.0,9.0,9.0,8.5,9.0,9.0,8.5,8.5,9.0,9.0,8.5,9.0,8.5,8.5
402,8.5,8.0,8.5,9.0,9.0,9.0,8.5,8.5,9.0,9.0,9.0,8.5,9.0,9.0,9.0,8.5,9.0,8.5,9.0,8.5,9.0,9.0,8.5,8.5,9.0
403,8.5,9.0,9.0,9.0,9.0,9.0,9.0,9.0,8.5,9.0,9.0,9.0,8.5,8.5,9.0,9.0,9.0,9.0,9.0,9.0,8.5,9.0,8.5,9.0,8.5
404,9.0,8.5,9.0,9.0,9.0,8.5,8.5,8.5,9.0,8.5,9.0,8.5,9.0,8.5,9.0,8.5,9.0,9.0,9.0,9.0,8.5,9.0,8.5,8.5,8.5
405,9.0,9.0,9.0,9.0,9.0,9.0,9.0,9.0,9.0,9.0,8.5,9.0,9.0,9.0,9.0,9.0,4.0,6.5,6.5,5.0,6.5,9.0,8.5,9.0,9.0
406,8.5,9.0,9.0,9.0,9.0,9.0,9.0,9.0,9.0,9.0,8.5,9.0,9.0,8.5,9.0,8.5,9.0,9.0,9.0,9.0,9.0,9.0,8.5,9.0,9.0
407,9.0,9.0,8.5,9.0,9.0,8.5,9.0,9.0,9.0,9.0,9.0,8.5,9.0,8.5,8.5,9.0,8.5,9.0,9.0,9.0,9.0,9.0,9.0,9.0,8.5
408,9.0,9.0,9.0,9.0,8.5,8.5,9.0,9.0,9.0,9.0,8.5,9.0,9.0,8.5,9.0,9.0,8.5,9.0,9.0,8.5,9.0,9.0,9.0,8.5,9.0
409,9.0,8.5,9.0,9.0,9.0,9.0,9.0,9.0,9.0,8.5,8.5,9.0,9.0,9.0,8.5,9.0,8.5,9.0,9.0,8.5,9.0,9.0,9.0,9.0,9.0
410,9.0,8.5,8.5,9.0,8.5,9.0,8.5,9.0,9.0,9.0,9.0,9.0,9.0,9.0,9.0,8.5,9.0,9.0,8.5,9.0,8.5,9.0,9.0,9.0,9.0
411,8.5,8.5,9.0,9.0,9.0,9.0,9.0,9.0,8.5,9.0,9.0,9.0,9.0,9.0,9.0,9.0,9.0,9.0,9.0,9.0,9.0,9.0,8.5,9.0,9.0
412,9.0,8.5,4.0,4.0,9.0,9.0,8.5,8.5,9.0,8.5,8.5,9.0,9.0,9.0,9.0,9.0,9.0,9.0,9.0,9.0,9.0,9.0,9.0,8.5,8.5
413,9.0,9.0,8.5,9.0,9.0,8.5,9.0,9.0,9.0,9.0,9.0,9.0,9.0,9.0,9.0,8.5,9.0,9.0,8.5,9.0,9.0,9.0,8.5,9.0,8.5
414,9.0,9.0,9.0,9.0,9.0,9.0,9.0,9.0,9.0,9.0,9.0,9.0,9.0,9.0,9.0,9.0,8.5,9.0,9.0,8.5,9.0,9.0,9.0,8.5,9.0
415,9.0,9.0,9.0,9.0,9.0,8.5,9.0,9.0,9.0,9.0,8.5,9.0,9.0,9.0,9.0,9.0,9.0,9.0,9.0,9.0,8.5,8.5,9.0,9.0,9.0
416,9.0,9.0,8.5,9.0,8.5,8.5,9.0,9.0,9.0,9.0,9.0,8.5,8.5,9.0,9.0,8.5,8.5,9.0,9.0,9.0,9.0,8.5,9.0,9.0,8.5
417,9.0,8.5,9.0,9.0,9.0,9.0,8.5,9.0,9.0,9.0,9.0,9.0,9.0,9.0,9.0,9.0,9.0,9.0,9.0,8.5,8.5,7.5,9.0,9.0,9.0
418,9.0,9.0,7.5,9.0,9.0,8.5,8.5,9.0,9.0,9.0,9.0,9.0,9.0,9.0,9.0,9.0,8.5,8.5,9.0,8.5,5.0,9.5,8.5,9.0,9.0
419,9.0,9.0,9.0,8.5,8.5,9.0,8.5,9.0,8.5,9.0,6.5,9.0,6.5,9.0,8.5,9.0,8.5,8.5,9.0,8.5,8.5,8.5,9.0,8.5,9.0
420,9.0,9.0,8.5,9.0,9.0,8.5,9.0,9.0,8.5,9.0,8.5,9.0,9.0,7.5,9.0,7.5,9.0,8.5,8.5,8.5,9.0,9.0,9.0,9.0,8.5
421,9.0,8.5,9.0,8.5,8.5,9.0,9.0,9.0,9.0,9.0,9.0,8.5,9.0,9.0,8.5,9.0,8.5,9.0,9.0,9.0,9.0,8.5,9.0,9.0,8.5
422,9.0,8.5,8.5,9.0,9.0,8.5,8.5,9.0,9.0,8.5,9.0,8.5,8.5,9.0,8.5,8.5,8.5,8.5,8.5,8.5,8.5,9.0,9.0,9.0,9.0
423,9.0,9.0,9.0,8.5,9.0,9.0,9.0,9.0,9.0,9.0,9.0,9.0,9.0,8.5,9.0,9.0,9.0,9.0,9.0,9.0,8.5,9.0,9.0,9.0,9.0
424,8.5,8.5,8.5,8.5,8.5,8.5,9.0,8.5,9.0,9.0,9.0,9.0,9.0,8.5,9.0,8.5,9.0,8.5,9.0,9.0,9.0,9.0,9.0,9.0,8.5
425,8.5,9.0,9.0,9.0,9.0,9.0,9.0,9.0,8.5,8.5,9.0,9.0,9.0,9.0,9.0,9.0,9.0,9.0,9.0,9.0,9.0,8.5,9.0,9.0,9.0
426,9.0,8.5,9.0,8.5,9.0,9.0,9.0,9.0,9.0,9.0,9.0,9.0,9.0,9.0,9.0,9.0,9.0,9.0,9.0,9.0,9.0,9.0,9.0,9.0,9.0
427,8.5,8.5,9.0,9.0,9.0,9.0,9.0,9.0,8.5,9.0,9.0,9.0,9.0,9.0,9.0,9.0,9.0,9.0,9.0,9.0,9.0,9.0,9.0,9.0,9.0
428,8.5,8.5,8.5,8.5,8.5,9.0,8.5,8.5,8.5,9.0,9.0,9.0,8.5,9.0,9.0,8.5,9.0,9.0,8.5,8.5,8.5,9.0,8.5,8.5,8.5
429,9.0,9.0,9.0,9.0,9.0,9.0,9.0,9.0,9.0,9.0,9.0,9.0,8.5,9.0,9.0,9.0,8.5,8.5,9.0,9.0,9.0,9.0,9.0,9.0,9.0
430,9.0,9.0,9.0,9.0,9.0,9.0,8.5,9.0,9.0,9.0,8.5,9.0,9.0,9.0,8.5,9.0,9.0,9.0,9.0,8.5,9.0,9.0,9.0,9.0,9.0
431,9.0,9.0,9.0,9.0,9.0,9.0,9.0,9.0,8.5,9.0,9.0,9.0,9.0,9.0,9.0,9.0,9.0,9.0,9.0,9.0,9.0,8.5,9.0,9.0,9.0
432,9.0,8.5,9.0,9.0,8.5,9.0,8.5,9.0,9.0,9.0,9.0,9.0,9.0,9.0,9.0,9.0,9.0,9.0,8.5,6.5,9.0,9.0,9.0,9.0,9.0
433,9.0,8.5,9.0,9.0,9.0,8.5,8.5,9.0,8.5,8.5,8.5,9.0,9.0,8.5,8.5,8.5,8.5,9.0,8.5,8.5,8.5,8.5,9.0,8.5,9.0
434,9.0,9.0,9.0,9.0,9.0,9.0,9.0,9.0,9.0,9.0,9.0,8.5,8.5,9.0,8.5,9.0,9.0,8.5,9.0,9.0,9.0,8.5,8.5,9.0,8.5
435,9.0,9.0,9.0,9.0,9.0,9.0,9.0,9.0,8.5,9.0,9.0,9.0,9.0,9.0,9.0,9.0,9.0,8.5,9.0,9.0,9.0,9.0,9.0,9.0,8.5
436,9.0,9.0,9.0,9.0,9.0,8.5,8.5,9.0,9.0,9.0,9.0,9.0,9.0,9.0,9.0,9.0,9.0,9.0,9.0,9.0,9.0,9.0,9.0,8.5,9.0
437,8.5,8.5,9.0,5.0,5.0,4.0,9.0,8.5,9.0,9.0,8.5,8.5,9.0,9.0,8.5,9.0,8.5,9.0,9.0,7.5,9.0,9.0,9.0,9.0,9.0
438,9.0,9.0,8.5,9.0,9.0,8.5,9.0,9.0,8.5,9.0,8.5,8.5,9.0,9.0,9.0,9.0,9.0,8.5,9.0,9.0,9.0,9.0,9.0,9.0,9.0
439,9.0,8.5,9.0,8.5,9.0,9.0,9.0,9.0,9.0,9.0,9.0,9.0,9.0,9.0,9.0,9.0,9.0,9.0,9.0,8.5,9.0,9.0,9.0,9.0,9.0
440,9.0,9.0,9.0,9.0,9.0,8.5,9.0,9.0,9.0,8.5,8.5,8.5,9.0,8.5,9.0,9.0,9.0,6.5,7.5,9.0,9.0,9.0,6.5,9.0,8.5
441,9.0,8.5,9.0,9.0,9.0,8.5,9.0,8.5,9.0,9.0,9.0,8.5,9.0,9.0,9.0,9.0,9.0,9.0,9.0,9.0,9.0,9.0,9.0,9.0,8.5
442,9.0,9.0,8.5,9.0,8.5,9.0,8.5,9.0,9.0,9.0,9.0,9.0,9.0,9.0,8.5,8.5,9.0,9.0,9.0,9.0,9.0,8.5,8.5,9.0,9.0
443,9.0,9.0,9.0,9.0,9.0,8.5,8.5,9.0,9.0,8.5,9.0,9.0,9.0,9.0,9.0,9.0,9.0,9.0,9.0,9.0,9.0,9.0,9.0,9.0,9.0
444,9.0,8.5,9.0,9.0,9.0,9.0,9.0,9.0,9.0,9.0,9.0,9.0,9.0,9.0,9.0,9.0,9.0,8.5,9.0,9.0,8.5,8.5,9.0,9.0,9.0
445,9.0,8.5,9.0,7.5,9.0,8.5,8.5,8.5,8.5,8.5,9.0,8.5,9.0,9.0,8.5,9.0,8.5,8.5,8.5,8.5,9.0,9.0,9.0,9.0,8.5
446,8.5,9.0,9.0,9.0,9.0,9.0,9.0,9.0,7.5,8.5,9.0,9.0,9.0,8.5,9.0,9.0,9.0,9.0,8.5,8.5,8.5,9.0,9.0,9.0,9.0
447,9.0,8.5,9.0,9.0,9.0,8.5,9.0,9.0,9.0,9.0,9.0,9.0,9.0,9.0,8.5,8.5,9.0,9.0,8.5,9.0,9.0,9.0,8.5,9.0,8.5
448,9.0,9.0,9.0,9.0,9.0,9.0,8.5,9.0,9.0,9.0,8.5,9.0,9.0,9.0,9.0,9.0,9.0,9.0,9.0,9.0,9.0,8.5,8.5,9.0,9.0
449,9.0,8.5,9.0,8.5,9.0,9.0,9.0,9.0,9.0,9.0,9.0,9.0,7.5,9.0,9.0,8.5,9.0,9.0,9.0,9.0,9.0,9.0,9.0,9.0,9.0
450,8.5,9.0,9.0,9.0,8.5,9.0,9.0,9.0,9.0,9.0,9.0,9.0,8.5,9.0,9.0,7.5,9.0,8.5,8.5,8.5,8.5,9.0,9.0,8.5,8.5
451,8.5,9.0,9.0,9.0,9.0,9.0,9.0,8.5,8.5,9.0,9.0,9.0,8.5,9.0,9.0,8.5,9.0,8.5,9.0,9.0,9.0,9.0,9.0,8.5,9.0
452,9.0,9.0,9.0,9.0,8.5,9.0,8.5,9.0,9.0,9.0,9.0,9.0,9.0,8.5,9.0,9.0,9.0,9.0,9.0,9.0,9.0,9.0,9.0,9.0,9.0
453,8.5,8.5,9.0,7.5,9.0,9.0,9.0,8.5,8.5,9.0,9.0,9.0,8.5,8.5,9.0,8.5,9.0,8.5,8.5,8.5,8.5,8.5,8.5,8.5,8.5
454,8.5,8.5,9.0,9.0,9.0,8.5,8.5,9.0,8.5,9.0,9.0,9.0,8.5,9.0,9.0,8.5,9.0,9.0,9.0,9.0,9.0,9.0,9.0,9.0,9.0
455,9.0,8.5,8.5,8.5,9.0,8.5,8.5,9.0,8.5,9.0,9.0,8.5,9.0,9.0,9.0,9.0,9.0,9.0,9.0,9.0,9.0,7.5,7.5,8.5,8.5
456,9.0,9.0,9.0,8.5,9.0,9.0,9.0,8.5,8.5,9.0,8.5,8.5,9.0,9.0,8.5,8.5,9.0,9.0,6.5,8.5,9.0,8.5,9.0,9.0,9.0
457,8.5,9.0,9.0,9.0,9.0,9.0,8.5,8.5,8.5,8.5,9.0,9.0,8.5,8.5,9.0,8.5,8.5,8.5,8.5,6.5,7.5,6.5,7.5,6.5,7.5
458,9.0,8.5,8.5,9.0,9.0,9.0,9.0,9.0,9.0,9.0,9.0,8.5,9.0,9.0,9.0,8.5,9.0,9.0,9.0,8.5,9.0,9.0,9.0,9.0,9.0
459,9.0,9.0,9.0,9.0,9.0,9.0,8.5,9.0,9.0,9.0,9.0,9.0,9.0,9.0,8.5,9.0,9.0,9.0,9.0,9.0,9.0,9.0,9.0,9.0,9.0
460,9.0,9.0,9.0,9.0,9.0,8.5,8.5,9.0,9.0,9.0,9.0,9.0,9.0,9.0,8.5,9.0,9.0,9.0,9.0,9.0,8.5,9.0,9.0,9.0,9.0
461,9.0,8.5,8.5,9.0,9.0,9.0,9.0,9.0,9.0,9.0,8.5,9.0,9.0,9.0,9.0,8.5,9.0,9.0,8.5,9.0,9.0,9.0,8.5,9.0,9.0
462,9.0,9.0,9.0,9.0,9.0,9.0,9.0,9.0,9.0,9.0,9.0,9.0,9.0,8.5,9.0,9.0,9.0,9.0,9.0,9.0,9.0,8.5,9.0,9.0,9.0
463,8.5,9.0,9.0,8.5,9.0,8.5,8.5,9.0,9.0,9.0,9.0,9.0,9.0,8.5,9.0,8.5,8.5,8.5,9.0,8.5,9.0,8.5,9.0,9.0,8.5
464,9.0,9.0,9.0,9.0,9.0,9.0,9.0,9.0,9.0,9.0,9.0,8.5,8.5,9.0,8.5,9.0,9.0,9.0,9.0,8.5,9.0,8.5,9.0,9.0,9.0
465,9.0,8.5,9.0,9.0,9.0,9.0,9.0,9.0,9.0,9.0,9.0,9.0,9.0,9.0,9.0,9.0,9.0,9.0,8.5,9.0,9.0,9.0,9.0,9.0,8.5
466,8.5,8.5,8.5,9.0,9.0,8.5,9.0,9.0,9.0,9.0,9.0,9.0,9.0,9.0,9.0,9.0,9.0,9.0,9.0,9.0,9.0,9.0,9.0,8.5,9.0
467,9.0,8.5,8.5,8.5,8.5,8.5,7.5,8.5,8.5,9.0,8.5,8.5,9.0,8.5,8.5,8.5,9.0,9.0,7.5,7.5,9.0,9.0,8.5,9.0,8.5
468,9.0,9.0,9.0,9.0,9.0,9.0,9.0,9.0,8.5,9.0,9.0,9.0,9.0,9.0,9.0,9.0,9.0,9.0,9.0,9.0,9.0,9.0,8.5,9.0,9.0
469,8.5,8.5,8.5,9.0,9.0,7.5,9.0,9.0,9.0,9.0,8.5,9.0,9.0,8.5,9.0,8.5,9.0,8.5,9.0,9.0,9.0,9.0,9.0,8.5,9.0
470,9.0,8.5,9.0,9.0,9.0,9.0,8.5,9.0,9.0,8.5,9.0,9.0,8.5,8.5,9.0,9.0,9.0,9.0,8.5,9.0,8.5,9.0,9.0,9.0,9.0
471,8.5,9.0,8.5,7.5,9.0,8.5,9.0,9.0,8.5,9.0,8.5,9.0,8.5,9.0,8.5,9.0,9.0,9.0,9.0,9.0,8.5,9.0,8.5,9.0,9.0
472,9.0,9.0,9.0,8.5,9.0,9.0,9.0,8.5,8.5,9.0,8.5,9.0,8.5,9.0,9.0,8.5,9.0,9.0,9.0,6.5,9.0,7.5,6.5,7.5,9.0
473,8.5,8.5,9.0,9.0,9.0,8.5,8.5,9.0,9.0,9.0,6.5,6.5,8.5,9.0,8.5,8.5,9.0,9.0,9.0,9.0,8.5,8.5,9.0,9.0,9.0
474,8.5,9.0,8.5,8.5,4.5,9.0,9.0,9.0,8.5,8.5,9.0,8.5,8.5,9.0,9.0,9.0,8.5,8.5,9.0,9.0,9.0,9.0,9.0,9.0,7.5
475,9.0,8.5,8.5,9.0,8.5,8.5,8.5,9.0,9.0,9.0,9.0,9.0,8.5,6.5,8.5,9.0,9.0,9.0,9.0,8.5,9.0,9.0,9.0,9.0,9.0
476,9.0,9.0,8.5,9.0,9.0,9.0,9.0,9.0,9.0,9.0,9.0,9.0,9.0,8.5,9.0,8.5,7.5,8.5,9.0,9.0,9.0,8.5,9.0,9.0,8.5
477,8.5,8.5,7.5,6.5,6.5,7.5,7.5,7.5,5.0,6.5,6.5,6.5,6.5,5.0,6.5,8.5,6.5,4.5,6.5,5.0,6.5,6.5,6.5,4.5,6.5
478,8.5,9.0,8.5,8.5,9.0,9.0,8.5,8.5,9.0,9.0,8.5,9.0,8.5,8.5,9.0,9.0,9.0,9.0,9.0,9.0,9.0,9.0,8.5,8.5,8.5
479,9.0,8.5,8.5,8.5,8.5,8.5,6.5,6.5,6.5,5.0,5.0,6.5,8.5,8.5,8.5,5.0,8.0,8.5,7.5,8.5,6.5,9.0,6.5,5.0,8.0
480,8.5,8.5,8.5,8.5,7.5,6.5,9.0,9.0,9.0,8.5,9.0,8.5,8.5,8.5,9.0,9.0,9.0,8.5,7.5,7.5,9.0,9.0,8.5,6.5,8.5
481,9.0,9.0,9.0,9.0,9.0,8.5,9.0,9.0,5.0,9.0,7.5,9.0,9.0,9.0,9.0,9.0,8.5,9.0,8.5,8.5,9.0,8.5,9.0,9.0,8.5
482,8.5,9.0,9.0,9.0,9.0,8.5,9.0,8.5,8.5,9.0,6.5,4.0,6.5,9.0,9.0,9.0,9.0,9.0,8.5,8.5,9.0,8.5,9.0,9.0,9.0
483,8.5,9.0,9.0,9.0,8.5,8.5,9.0,9.0,9.0,8.5,8.5,9.0,8.5,9.0,4.0,8.5,9.0,8.5,9.0,8.5,9.0,9.0,9.0,8.5,8.5
484,9.0,9.0,8.5,9.0,9.0,9.0,8.5,9.0,9.0,8.5,9.0,8.5,9.0,9.0,9.0,8.5,8.5,9.0,9.0,8.5,9.0,9.0,9.0,9.0,9.0
485,9.0,9.0,2.0,9.0,9.0,9.0,9.0,9.0,9.0,8.5,9.0,8.5,9.0,9.0,9.0,3.0,3.0,9.0,9.0,9.0,2.0,9.0,9.0,9.0,9.0
486,9.0,9.0,9.0,9.0,9.0,8.5,9.0,9.0,9.0,9.0,8.5,9.0,9.0,8.5,9.0,8.5,9.0,9.0,8.5,9.0,9.0,9.0,9.0,9.0,9.0
487,8.5,3.0,2.0,8.5,9.0,9.0,8.5,9.0,2.0,9.0,9.0,9.0,8.5,9.0,9.0,9.0,9.0,9.0,9.0,9.0,3.0,2.0,2.0,9.0,8.5
488,9.0,7.5,9.0,2.0,4.0,9.0,9.0,9.0,8.5,9.0,8.5,9.0,7.5,9.0,8.5,9.0,9.0,9.0,9.0,9.0,8.5,9.0,9.0,9.0,9.0
489,8.5,8.5,8.5,6.5,7.5,6.5,8.5,7.5,6.5,6.5,6.5,6.5,5.0,8.5,9.0,8.5,9.0,9.0,6.5,9.0,4.0,8.5,8.5,6.5,8.5
490,9.0,9.0,9.0,9.0,9.0,8.5,9.0,9.0,9.0,9.0,8.5,9.0,9.0,9.0,9.0,9.0,9.0,9.0,9.0,8.5,9.0,9.0,8.5,9.0,9.0
491,9.0,9.0,9.0,9.0,8.5,9.0,9.0,8.5,9.0,9.0,9.0,9.0,9.0,9.0,8.5,9.0,8.5,9.0,8.5,9.0,8.5,9.0,8.5,9.0,9.0
492,9.0,9.0,9.0,9.0,9.0,9.0,8.5,9.0,9.0,8.5,9.0,9.0,9.0,9.0,9.0,9.0,9.0,9.0,9.0,9.0,9.0,9.0,9.0,9.0,9.0
493,8.5,8.5,9.0,9.0,7.5,8.5,7.5,9.0,8.5,7.5,8.5,8.5,9.0,8.5,9.0,4.0,9.0,8.5,7.5,9.0,8.5,9.0,7.5,9.0,9.0
494,9.0,8.5,9.0,8.5,8.5,9.0,9.0,8.5,9.0,9.0,9.0,9.0,8.5,8.5,8.5,8.5,9.0,8.5,9.0,8.5,9.0,9.0,9.0,9.0,9.0
495,8.5,9.0,8.5,4.0,3.0,3.0,3.0,2.0,3.0,2.0,2.0,8.5,9.0,9.0,8.5,2.0,9.0,3.0,9.0,8.5,3.0,8.5,8.5,3.0,8.5
496,9.0,8.5,8.5,8.5,9.0,8.5,9.0,8.5,8.5,8.5,8.5,9.0,8.5,8.5,6.5,6.5,8.0,8.5,8.5,9.0,9.0,9.0,8.5,9.0,8.5
497,8.5,8.5,6.5,8.5,4.0,6.5,8.5,6.5,8.5,5.0,7.5,6.5,9.0,7.5,9.0,8.5,9.0,7.5,9.0,6.5,9.0,8.5,7.5,8.5,9.0
498,9.0,9.0,9.0,9.0,8.5,9.0,9.0,9.0,9.0,9.0,9.0,9.0,9.0,8.5,8.5,9.0,9.0,9.0,8.5,9.0,8.5,9.0,9.0,9.0,9.0
499,6.5,6.5,5.0,9.0,9.0,9.0,9.0,7.5,6.5,6.5,6.5,6.5,6.5,8.5,6.5,6.5,9.0,6.5,6.5,6.5,6.5,5.0,6.5,6.5,6.5
500,9.0,8.5,8.5,9.0,8.5,9.0,9.0,8.5,9.0,9.0,9.0,9.0,9.0,9.0,8.5,8.5,9.0,9.0,8.5,8.5,9.0,9.0,9.0,9.0,9.0
501,8.5,8.5,5.0,8.5,8.5,8.5,4.0,4.0,7.5,8.5,8.5,8.5,8.5,4.0,8.5,8.5,7.5,9.0,8.5,8.5,7.5,9.0,8.5,8.5,4.0
502,8.5,8.5,4.0,4.0,9.0,8.5,3.0,4.0,4.0,8.5,6.5,7.5,8.5,8.5,8.5,4.0,8.5,4.0,4.0,8.5,4.5,7.5,9.0,4.0,8.5
503,8.5,8.5,8.5,7.5,6.5,4.0,4.0,5.0,7.5,4.0,5.0,6.5,3.5,3.0,3.0,3.5,3.0,3.5,3.5,3.5,4.0,3.0,4.0,4.0,3.0
504,9.0,5.0,5.0,6.5,8.5,7.5,6.0,9.0,8.5,9.0,9.0,6.5,6.5,9.0,6.5,5.0,6.5,6.5,6.5,7.5,6.5,6.5,6.0,6.5,9.0
505,7.5,8.5,9.0,9.0,9.0,8.5,8.5,9.0,8.5,8.5,9.0,8.5,8.5,9.0,9.0,8.5,9.0,9.0,8.5,9.0,9.0,1.0,1.0,1.0,1.0
506,9.0,8.5,9.0,8.5,8.5,8.5,9.0,9.0,9.0,9.0,9.0,9.0,9.0,8.5,8.5,8.5,9.0,8.5,7.5,9.0,9.0,9.0,8.5,9.0,8.5
507,8.5,9.0,8.5,8.5,9.0,9.0,9.0,8.5,8.5,9.0,8.5,9.0,9.0,9.0,8.5,8.5,8.5,8.5,9.0,8.5,8.5,8.5,9.0,9.0,9.0
508,9.0,8.5,8.5,9.0,8.5,9.0,9.0,8.5,9.0,9.0,8.5,9.0,9.0,8.5,8.5,9.0,9.0,8.5,8.5,9.0,9.0,9.0,9.0,9.0,9.0
509,9.0,9.0,9.0,9.0,9.0,9.0,8.5,9.0,9.0,8.5,9.0,6.5,9.0,9.0,9.0,9.0,9.0,9.0,9.0,9.0,8.5,9.0,8.5,9.0,9.0
510,9.0,9.0,9.0,9.0,9.0,9.0,9.0,9.0,8.5,9.0,9.0,8.5,8.5,9.0,9.0,9.0,8.5,9.0,9.0,9.0,8.5,9.0,9.0,8.5,8.5
511,8.5,8.5,9.0,9.0,8.5,9.0,9.0,9.0,9.0,9.0,9.0,9.0,9.0,9.0,9.0,9.0,9.0,9.0,9.0,9.0,9.0,9.0,9.0,8.5,9.0
512,8.5,9.0,9.0,8.5,9.0,9.0,9.0,9.0,8.5,9.0,9.0,9.0,9.0,8.5,9.0,9.0,9.0,8.5,9.0,9.0,9.0,8.5,9.0,8.5,8.5
513,9.0,8.5,8.5,8.5,8.5,9.0,8.5,8.5,8.5,8.5,8.5,8.5,8.5,8.5,8.5,8.5,8.5,8.5,8.5,8.5,7.5,8.5,8.5,8.5,8.5
514,8.5,9.0,9.0,8.5,9.0,8.5,9.0,9.0,8.5,9.0,9.0,8.5,8.5,9.0,9.0,9.0,9.0,9.0,9.0,9.0,9.0,8.5,9.0,9.0,9.0
515,9.0,9.0,7.5,9.0,9.0,9.0,9.0,9.0,9.0,9.0,9.0,9.0,9.0,9.0,9.0,9.0,9.0,9.0,9.0,9.0,9.0,9.0,9.0,8.5,9.0
516,9.0,9.0,9.0,9.0,9.0,9.0,9.0,9.0,9.0,9.0,9.0,9.0,9.0,9.0,8.5,9.0,9.0,9.0,9.0,9.0,9.0,9.0,9.0,9.0,9.0
517,9.0,9.0,9.0,9.0,9.0,9.0,8.5,9.0,9.0,9.0,9.0,9.0,9.0,9.0,9.0,9.0,9.0,9.0,8.5,9.0,9.0,9.0,9.0,9.0,9.0
518,8.5,9.0,9.0,9.0,9.0,9.0,9.0,9.0,8.5,9.0,9.0,8.5,9.0,9.0,8.5,9.0,9.0,9.0,9.0,9.0,9.0,8.5,8.5,9.0,9.0
519,8.5,9.0,8.5,9.0,9.0,9.0,9.0,9.0,9.0,9.0,9.0,9.0,8.5,9.0,9.0,9.0,8.5,9.0,8.5,9.0,9.0,8.5,8.5,9.0,9.0
520,8.5,9.0,7.5,9.0,9.0,8.5,9.0,8.5,9.0,8.5,9.0,9.0,9.0,9.0,9.0,9.0,9.0,8.5,9.0,9.0,9.0,8.5,8.5,9.0,9.0
521,8.5,8.5,8.5,9.0,9.0,9.0,9.0,7.5,9.0,9.0,9.0,9.0,9.0,9.0,9.0,9.0,9.0,9.0,9.0,9.0,9.0,9.0,9.0,9.0,9.0
522,8.5,9.0,9.0,9.0,9.0,9.0,9.0,9.0,9.0,9.0,9.0,9.0,9.0,9.0,9.0,9.0,9.0,9.0,9.0,9.0,9.0,9.0,9.0,9.0,9.0
523,9.0,9.0,8.5,9.0,8.5,8.5,8.5,9.0,9.0,9.0,9.0,8.5,9.0,9.0,8.5,8.5,8.5,9.0,9.0,8.5,8.5,8.5,8.5,8.5,9.0
524,8.5,8.5,9.0,9.0,9.0,9.0,9.0,8.5,8.5,9.0,9.0,9.0,6.5,7.5,8.5,9.0,9.0,6.5,9.0,6.5,4.0,8.5,9.0,9.0,9.0
525,9.0,9.0,8.5,8.5,8.5,9.0,9.0,9.0,9.0,9.0,8.5,9.0,9.0,9.0,8.5,9.0,8.5,8.5,9.0,9.0,8.5,8.5,9.0,9.0,8.0
526,8.5,9.0,9.0,9.0,8.5,9.0,9.0,9.0,9.0,8.5,9.0,9.0,9.0,9.0,9.0,9.0,9.0,9.0,9.0,9.0,9.0,9.0,9.0,9.0,9.0
527,8.5,9.0,8.5,9.0,9.0,9.0,9.0,9.0,9.0,9.0,9.0,9.0,9.0,9.0,8.5,9.0,9.0,9.0,9.0,9.0,9.0,9.0,9.0,9.0,9.0
528,8.5,8.5,8.5,9.0,9.0,9.0,9.0,9.0,9.0,9.0,9.0,9.0,8.5,9.0,9.0,7.5,9.0,8.5,9.0,8.5,9.0,9.0,9.0,9.0,9.0
529,9.0,9.0,9.0,8.5,9.0,9.0,9.0,9.0,9.0,9.0,8.5,9.0,9.0,9.0,9.0,9.0,9.0,9.0,9.0,9.0,9.0,9.0,9.0,9.0,9.0
530,9.0,9.0,8.5,9.0,8.5,9.0,9.0,8.5,9.0,8.5,8.5,8.5,9.0,9.0,9.0,8.5,8.5,9.0,9.0,9.0,9.0,9.0,9.0,9.0,9.0
